date,value
1/23/1995,200.61
1/24/1995,201.5
1/25/1995,213.87
1/26/1995,212.54
1/29/1995,207.8
1/31/1995,207.17
2/1/1995,208.62
2/2/1995,207.62
2/5/1995,207.19
2/6/1995,207.3
2/7/1995,206.67
2/8/1995,206.96
2/9/1995,207.3
2/12/1995,205.17
2/13/1995,205.65
2/14/1995,204.94
2/15/1995,203.37
2/16/1995,202.31
2/20/1995,200.61
2/21/1995,198.46
2/22/1995,200.61
2/23/1995,197.69
2/26/1995,193.08
2/28/1995,193.23
3/1/1995,190.34
3/2/1995,187.16
3/5/1995,185.84
3/6/1995,185.97
3/7/1995,184.96
3/8/1995,185.1
3/9/1995,185.4
3/12/1995,188.84
3/14/1995,191.67
3/15/1995,194.19
3/19/1995,195.66
3/20/1995,196.85
3/21/1995,195.96
3/22/1995,197.91
3/23/1995,198.83
3/26/1995,198.61
3/27/1995,198.45
3/28/1995,197.34
3/29/1995,196.45
4/2/1995,195.57
4/3/1995,196.43
4/4/1995,197.91
4/5/1995,204.73
4/6/1995,205.17
4/10/1995,204.43
4/11/1995,205.54
4/12/1995,205.5
4/13/1995,204.67
4/16/1995,203.99
4/17/1995,203.78
4/18/1995,202.88
4/19/1995,202.66
4/20/1995,203.75
4/24/1995,202.05
4/25/1995,199.94
4/26/1995,199.43
4/27/1995,200.79
4/30/1995,198.75
5/1/1995,197.46
5/2/1995,196.91
5/3/1995,197.16
5/7/1995,198.75
5/8/1995,197.46
5/9/1995,195.41
5/10/1995,194.99
5/11/1995,194.63
5/15/1995,194.03
5/16/1995,194.1
5/17/1995,192.95
5/18/1995,193.17
5/21/1995,191.89
5/22/1995,192.34
5/23/1995,192.71
5/24/1995,192.41
5/28/1995,191.29
5/29/1995,190.93
5/30/1995,190.51
5/31/1995,191.85
6/1/1995,191.56
6/4/1995,191.54
6/5/1995,190.66
6/6/1995,189.56
6/7/1995,182.26
6/8/1995,191.18
6/11/1995,191.02
6/12/1995,193.66
6/13/1995,193.76
6/14/1995,194.05
6/15/1995,193.84
6/18/1995,193.65
6/19/1995,193.03
6/20/1995,191.83
6/21/1995,190.85
6/22/1995,190.23
6/25/1995,190.59
6/26/1995,189.38
6/27/1995,189.52
6/28/1995,188.61
7/2/1995,188.81
7/3/1995,189.95
7/4/1995,190.13
7/5/1995,190.69
7/6/1995,190.82
7/9/1995,192.03
7/10/1995,190.82
7/11/1995,191.26
7/12/1995,192.24
7/13/1995,193.25
7/16/1995,193.98
7/17/1995,194.57
7/19/1995,194.69
7/20/1995,195.27
7/23/1995,194.39
7/24/1995,191.54
7/25/1995,190.73
7/26/1995,190.55
7/27/1995,192.26
7/30/1995,192.47
7/31/1995,192.88
8/1/1995,192.58
8/2/1995,192.42
8/3/1995,192.98
8/6/1995,191.79
8/7/1995,191.39
8/8/1995,191.41
8/9/1995,192.57
8/13/1995,193.42
8/14/1995,190.56
8/15/1995,190.28
8/16/1995,189.6
8/20/1995,189.74
8/21/1995,189.28
8/22/1995,189.42
8/23/1995,189.26
8/24/1995,186.99
8/27/1995,187.42
8/28/1995,187.12
8/30/1995,187.41
8/31/1995,187
9/3/1995,186.44
9/4/1995,186.97
9/5/1995,186.11
9/6/1995,185.85
9/7/1995,186.5
9/10/1995,187.04
9/11/1995,190.52
9/12/1995,191.53
9/13/1995,191.21
9/14/1995,192.03
9/17/1995,192.43
9/18/1995,193.53
9/19/1995,194.46
9/20/1995,195.61
9/21/1995,196.98
9/24/1995,197.48
9/26/1995,198.58
9/27/1995,197.86
9/28/1995,198.03
10/8/1995,197.79
10/9/1995,197.22
10/10/1995,197.51
10/11/1995,197.86
10/12/1995,198.13
10/15/1995,200.7
10/16/1995,202.55
10/17/1995,205.15
10/18/1995,207.43
10/19/1995,209.05
10/22/1995,208.47
10/26/1995,209.29
10/29/1995,208.47
10/30/1995,208.27
10/31/1995,209.38
11/1/1995,208.96
11/2/1995,208.94
11/5/1995,206.05
11/6/1995,211.69
11/7/1995,211.77
11/8/1995,210.77
11/12/1995,211.14
11/13/1995,210.29
11/14/1995,210
11/15/1995,209.14
11/16/1995,208.35
11/19/1995,208.19
11/20/1995,207.98
11/21/1995,208.66
11/22/1995,209.11
11/23/1995,208.95
11/26/1995,208.58
11/27/1995,208.16
11/28/1995,208.18
11/29/1995,208.06
11/30/1995,208.18
12/3/1995,207.62
12/4/1995,207.38
12/5/1995,209.14
12/6/1995,210.66
12/7/1995,210.88
12/10/1995,208.8
12/11/1995,209.39
12/12/1995,206.26
12/13/1995,206.57
12/14/1995,205.2
12/17/1995,205.3
12/18/1995,205.64
12/19/1995,205.57
12/20/1995,206.6
12/21/1995,204.56
12/24/1995,203.94
12/25/1995,204.05
12/26/1995,203.51
12/27/1995,203.09
12/31/1995,204.94
1/1/1996,205.9
1/2/1996,208.39
1/3/1996,208.28
1/4/1996,208.08
1/7/1996,207.68
1/8/1996,208.34
1/9/1996,206.23
1/10/1996,207.18
1/14/1996,206.53
1/15/1996,206.15
1/16/1996,205.83
1/17/1996,206.13
1/18/1996,205.98
1/21/1996,205.22
1/22/1996,204.6
1/23/1996,204.47
1/24/1996,203.49
1/28/1996,203.88
1/29/1996,202.91
1/31/1996,202.28
2/1/1996,201.07
2/4/1996,200.3
2/5/1996,199.77
2/6/1996,199.95
2/7/1996,199.88
2/8/1996,195.32
2/11/1996,195.26
2/12/1996,195.42
2/13/1996,195.54
2/14/1996,194.59
2/15/1996,194.13
2/18/1996,194.76
2/20/1996,195.46
2/21/1996,195.8
2/22/1996,195.98
2/25/1996,195.21
2/26/1996,195.45
2/27/1996,195.37
2/28/1996,195.43
2/29/1996,195.38
3/3/1996,194.74
3/5/1996,195.05
3/6/1996,194.52
3/7/1996,193.93
3/10/1996,194.15
3/11/1996,194
3/12/1996,194.1
3/13/1996,193.64
3/14/1996,193.86
3/17/1996,193.77
3/18/1996,194.03
3/20/1996,194.24
3/21/1996,193.85
3/24/1996,193.57
3/25/1996,192.78
3/26/1996,191.99
3/27/1996,191.99
3/31/1996,191.49
4/1/1996,191.24
4/3/1996,188.86
4/4/1996,188.52
4/7/1996,187.74
4/8/1996,186.87
4/9/1996,186.62
4/10/1996,186.9
4/11/1996,185.9
4/14/1996,185.83
4/15/1996,184.99
4/16/1996,183.45
4/17/1996,183.72
4/18/1996,182.69
4/21/1996,181.56
4/22/1996,181.1
4/23/1996,180.76
4/24/1996,180.64
4/25/1996,180.4
4/28/1996,179.37
4/29/1996,179.41
4/30/1996,178.34
5/1/1996,177.95
5/2/1996,177.71
5/5/1996,177.63
5/6/1996,177.43
5/7/1996,177.74
5/8/1996,177.12
5/9/1996,177.09
5/12/1996,176.87
5/13/1996,175.78
5/14/1996,175.84
5/15/1996,175.76
5/16/1996,176.09
5/19/1996,175.76
5/20/1996,175.92
5/21/1996,175.43
5/22/1996,174.98
5/26/1996,175.99
5/27/1996,175.96
5/28/1996,176.38
5/29/1996,176.29
5/30/1996,176.69
6/2/1996,176.65
6/3/1996,177.23
6/4/1996,176.95
6/5/1996,177.23
6/6/1996,177.84
6/9/1996,178.22
6/10/1996,178.68
6/11/1996,179.26
6/12/1996,179.91
6/13/1996,180.34
6/16/1996,181.57
6/17/1996,182.17
6/18/1996,182.73
6/19/1996,183.26
6/20/1996,182.33
6/23/1996,182.14
6/24/1996,182.21
6/25/1996,184.84
6/26/1996,185.72
6/27/1996,185.48
6/30/1996,185.37
7/1/1996,184.69
7/2/1996,183.65
7/3/1996,183.46
7/4/1996,182.62
7/7/1996,181.75
7/8/1996,181.45
7/9/1996,182.02
7/10/1996,182.46
7/11/1996,182.49
7/14/1996,184.69
7/15/1996,185.61
7/16/1996,184.78
7/17/1996,184.39
7/18/1996,183.05
7/21/1996,183.26
7/22/1996,182.87
7/23/1996,182.45
7/24/1996,182.86
7/25/1996,183.26
7/28/1996,183.27
7/29/1996,182.53
7/30/1996,183.11
7/31/1996,182.19
8/1/1996,183.66
8/4/1996,184.81
8/5/1996,183.63
8/6/1996,183.08
8/7/1996,182.14
8/8/1996,183.33
8/11/1996,185.45
8/12/1996,185.01
8/13/1996,185.48
8/14/1996,185.27
8/15/1996,185.05
8/18/1996,186.51
8/19/1996,185.97
8/20/1996,185.81
8/21/1996,187.27
8/22/1996,186.31
8/25/1996,184.87
8/26/1996,186.62
8/27/1996,185.75
9/1/1996,186.38
9/2/1996,185.39
9/3/1996,184.99
9/5/1996,184.92
9/8/1996,185.17
9/9/1996,183.76
9/10/1996,183.35
9/11/1996,182.93
9/12/1996,182.29
9/15/1996,181.51
9/16/1996,180.89
9/17/1996,180.83
9/18/1996,180.47
9/19/1996,180.73
9/22/1996,180.75
9/23/1996,180.72
9/24/1996,180.76
9/25/1996,179.95
9/29/1996,179.95
9/30/1996,178.76
10/1/1996,178.31
10/2/1996,177.94
10/3/1996,178.62
10/6/1996,179.32
10/7/1996,181.2
10/8/1996,181.81
10/9/1996,180.96
10/10/1996,181.64
10/14/1996,181.58
10/15/1996,182.02
10/16/1996,181.64
10/17/1996,181.75
10/27/1996,182.53
10/28/1996,182.09
10/29/1996,182.17
10/30/1996,181.69
10/31/1996,181.32
11/3/1996,182.17
11/4/1996,180.36
11/5/1996,180.59
11/6/1996,180.97
11/7/1996,180.59
11/13/1996,181.04
11/14/1996,180.29
11/17/1996,180.59
11/18/1996,179.51
11/19/1996,178.45
11/20/1996,178.01
11/21/1996,178.6
11/24/1996,179.26
11/25/1996,178.14
11/26/1996,178.6
11/27/1996,177.97
11/28/1996,178.13
12/1/1996,179.59
12/2/1996,178.05
12/3/1996,178.82
12/4/1996,178.9
12/5/1996,178.86
12/8/1996,179.46
12/9/1996,178.67
12/10/1996,178.91
12/11/1996,177.34
12/12/1996,177.45
12/15/1996,179.07
12/16/1996,179.21
12/17/1996,178.72
12/18/1996,178.8
12/19/1996,178.98
12/22/1996,180.04
12/23/1996,179.07
12/24/1996,179.46
12/25/1996,179.49
12/26/1996,179.33
12/30/1996,178.42
12/31/1996,178.87
1/1/1997,179.13
1/2/1997,179.02
1/5/1997,179.3
1/6/1997,178.11
1/7/1997,178.08
1/8/1997,178.79
1/9/1997,178.96
1/12/1997,180.69
1/13/1997,179.44
1/14/1997,179.5
1/15/1997,179.85
1/16/1997,179.27
1/19/1997,180.36
1/20/1997,179.07
1/21/1997,179.13
1/22/1997,179.43
1/23/1997,179.39
1/26/1997,180.87
1/27/1997,180.33
1/28/1997,179.94
1/30/1997,180.87
2/2/1997,180.75
2/3/1997,180.35
2/4/1997,180.18
2/5/1997,179.82
2/6/1997,179.78
2/9/1997,179.51
2/10/1997,180.07
2/11/1997,179.57
2/13/1997,180.11
2/16/1997,180.35
2/17/1997,180.54
2/19/1997,181.07
2/20/1997,179.5
2/23/1997,179.33
2/24/1997,178.76
2/25/1997,178.71
2/26/1997,178.61
2/27/1997,180.68
3/2/1997,182.01
3/3/1997,180.99
3/4/1997,184.7
3/5/1997,185.35
3/6/1997,186.03
3/10/1997,187.45
3/11/1997,188.27
3/12/1997,188.37
3/13/1997,188.36
3/16/1997,188.95
3/17/1997,189.13
3/18/1997,183.6
3/19/1997,184.4
3/20/1997,184.58
3/24/1997,184.34
3/25/1997,184.26
3/26/1997,185.7
3/27/1997,186.09
3/30/1997,187.91
3/31/1997,190.58
4/1/1997,193.91
4/2/1997,197.34
4/3/1997,190.09
4/6/1997,187.56
4/8/1997,181.71
4/9/1997,179.89
4/10/1997,180.83
4/14/1997,183.03
4/17/1997,184.72
4/20/1997,184.66
4/21/1997,183.14
4/22/1997,183.44
4/23/1997,183.68
4/24/1997,183.4
4/27/1997,183.12
4/28/1997,182.68
4/29/1997,183.48
4/30/1997,182.36
5/1/1997,182.47
5/4/1997,183.72
5/5/1997,182.79
5/6/1997,182.82
5/7/1997,183.51
5/8/1997,184.2
5/11/1997,183.53
5/12/1997,184.31
5/13/1997,184.66
5/14/1997,184.43
5/15/1997,183.04
5/18/1997,182.65
5/19/1997,181.64
5/20/1997,181.88
5/21/1997,181.44
5/25/1997,181.68
5/27/1997,181.47
5/28/1997,181.23
5/29/1997,180.52
6/1/1997,180.25
6/2/1997,179.72
6/3/1997,177.2
6/5/1997,177.25
6/8/1997,177.44
6/9/1997,177.39
6/10/1997,176.99
6/15/1997,179.06
6/16/1997,176.9
6/17/1997,176.73
6/18/1997,176.7
6/19/1997,176.03
6/22/1997,176.41
6/23/1997,176.85
6/24/1997,175.59
6/25/1997,174.93
6/26/1997,174.95
6/29/1997,175.53
6/30/1997,175.55
7/1/1997,174.76
7/2/1997,175.25
7/3/1997,174.54
7/6/1997,176.03
7/7/1997,175.43
7/8/1997,176.58
7/9/1997,176.51
7/10/1997,176.41
7/13/1997,174.25
7/14/1997,175.3
7/15/1997,176.31
7/16/1997,175.66
7/17/1997,173.42
7/20/1997,173.26
7/21/1997,173.25
7/22/1997,173.03
7/23/1997,172.86
7/24/1997,172.66
7/27/1997,173.15
7/28/1997,173.03
7/29/1997,172.88
7/30/1997,172.12
7/31/1997,171.7
8/3/1997,171.52
8/4/1997,171.36
8/5/1997,171.16
8/6/1997,171.1
8/7/1997,171.24
8/10/1997,170.39
8/11/1997,169.38
8/12/1997,169.28
8/13/1997,169.28
8/14/1997,169.52
8/17/1997,169.57
8/20/1997,169.76
8/21/1997,169.57
8/24/1997,169.91
8/26/1997,169.57
8/27/1997,169.87
8/28/1997,169.98
8/31/1997,169.64
9/1/1997,170.13
9/2/1997,170.2
9/3/1997,168.74
9/4/1997,168.63
9/7/1997,168.49
9/8/1997,168.84
9/9/1997,169.18
9/10/1997,169.17
9/11/1997,169.99
9/14/1997,170.1
9/16/1997,170.45
9/17/1997,170.6
9/18/1997,169.67
9/21/1997,170.31
9/22/1997,170.06
9/23/1997,170.43
9/24/1997,169.96
9/25/1997,169.97
9/28/1997,170.71
9/29/1997,170.64
9/30/1997,171.23
10/1/1997,170.2
10/5/1997,169.8
10/6/1997,169.7
10/7/1997,169.68
10/16/1997,169.43
10/19/1997,169.51
10/20/1997,169.55
10/21/1997,169.29
10/22/1997,170.33
10/23/1997,171.04
10/26/1997,170.61
10/27/1997,172.96
10/28/1997,172
10/29/1997,173.43
11/3/1997,173.44
11/4/1997,172.68
11/5/1997,173.03
11/6/1997,172.07
11/9/1997,173.02
11/10/1997,172.46
11/11/1997,172.08
11/12/1997,171.96
11/13/1997,172.02
11/16/1997,172.8
11/17/1997,172.68
11/18/1997,172.35
11/19/1997,173.01
11/20/1997,173.28
11/23/1997,173.1
11/24/1997,173.28
11/25/1997,172.39
11/26/1997,172.14
11/27/1997,171.64
11/30/1997,171.77
12/1/1997,171.19
12/2/1997,170.08
12/3/1997,170.22
12/4/1997,171.11
12/7/1997,170.54
12/8/1997,170.24
12/9/1997,171.14
12/10/1997,171.19
12/11/1997,171.34
12/14/1997,170.56
12/15/1997,170.16
12/16/1997,170.11
12/17/1997,170.9
12/18/1997,171.7
12/21/1997,170.83
12/22/1997,170.57
12/23/1997,170.52
12/24/1997,170.94
12/25/1997,170.74
12/28/1997,170.83
12/30/1997,170.7
12/31/1997,170.93
1/4/1998,170.21
1/5/1998,170.23
1/6/1998,170.39
1/7/1998,170.32
1/8/1998,170.69
1/12/1998,170.73
1/13/1998,170.6
1/14/1998,170.85
1/15/1998,170.87
1/18/1998,170.95
1/19/1998,171.15
1/20/1998,171.57
1/21/1998,172.5
1/22/1998,172.07
1/25/1998,171.73
1/26/1998,172.88
1/27/1998,173.17
1/28/1998,173.41
2/2/1998,174.08
2/3/1998,173.76
2/4/1998,173.7
2/5/1998,174.09
2/8/1998,176.32
2/9/1998,177.23
2/10/1998,178.28
2/11/1998,177.42
2/12/1998,176.63
2/15/1998,176.6
2/16/1998,176.62
2/17/1998,176.11
2/18/1998,176.12
2/22/1998,176.5
2/23/1998,176.57
2/26/1998,178.68
3/1/1998,177.58
3/2/1998,177.86
3/3/1998,178.04
3/4/1998,178.56
3/5/1998,179.42
3/8/1998,180.31
3/9/1998,180.29
3/10/1998,180.22
3/11/1998,180.36
3/15/1998,180.84
3/16/1998,169.71
3/17/1998,168.91
3/18/1998,169.49
3/19/1998,170.23
3/22/1998,165.87
3/23/1998,166.06
3/24/1998,166.34
3/25/1998,166.62
3/26/1998,167.4
3/29/1998,167.83
3/30/1998,167.06
3/31/1998,166.62
4/1/1998,166.37
4/2/1998,165.87
4/6/1998,166.47
4/7/1998,166.64
4/8/1998,166.06
4/9/1998,165.82
4/12/1998,159.38
4/13/1998,158.86
4/15/1998,158.73
4/16/1998,158.51
4/19/1998,157.18
4/20/1998,158.11
4/21/1998,158.19
4/22/1998,158.42
4/23/1998,158.36
4/26/1998,157.86
4/27/1998,157.21
4/28/1998,158.61
4/29/1998,157.61
4/30/1998,157.09
5/3/1998,157.83
5/4/1998,157.59
5/5/1998,157.51
5/6/1998,157.69
5/7/1998,157.75
5/10/1998,157.48
5/12/1998,157.92
5/13/1998,157.87
5/14/1998,157.97
5/17/1998,158.01
5/18/1998,157.69
5/19/1998,157.57
5/20/1998,157.29
5/21/1998,157.57
5/24/1998,157.68
5/25/1998,156.84
5/26/1998,157.05
5/27/1998,157.56
5/28/1998,156.86
5/31/1998,157.56
6/1/1998,156.86
6/2/1998,156.43
6/3/1998,156.91
6/4/1998,156.77
6/7/1998,156.78
6/8/1998,158.05
6/9/1998,158.32
6/10/1998,159.56
6/11/1998,160.16
6/14/1998,159.95
6/15/1998,160.23
6/16/1998,160.38
6/17/1998,161.13
6/18/1998,160.72
6/21/1998,161.02
6/22/1998,161.34
6/23/1998,163.01
6/24/1998,164.07
6/25/1998,164.68
6/28/1998,165.92
6/29/1998,165.65
6/30/1998,165.87
7/1/1998,166.03
7/2/1998,166.05
7/5/1998,165.41
7/6/1998,164.33
7/7/1998,163.73
7/8/1998,163.44
7/9/1998,162.59
7/12/1998,163.44
7/13/1998,162.49
7/14/1998,162.85
7/15/1998,163.77
7/16/1998,163.35
7/19/1998,164.01
7/20/1998,164.04
7/21/1998,162.41
7/22/1998,161.57
7/23/1998,161.52
7/26/1998,160.14
7/27/1998,160.96
7/28/1998,161.21
7/29/1998,160.97
7/30/1998,161.29
8/2/1998,161.85
8/3/1998,162.07
8/4/1998,162.16
8/5/1998,162.37
8/6/1998,163.76
8/10/1998,164.25
8/11/1998,164.77
8/12/1998,165.43
8/13/1998,166.02
8/17/1998,166.28
8/18/1998,165.75
8/19/1998,166.47
8/20/1998,166.08
8/23/1998,166.83
8/24/1998,166.19
8/25/1998,166.82
8/26/1998,166.66
8/27/1998,166.21
8/30/1998,166.59
8/31/1998,166.54
9/1/1998,166.56
9/2/1998,166.17
9/3/1998,166.36
9/6/1998,166.37
9/7/1998,166.21
9/8/1998,167.3
9/9/1998,167.49
9/10/1998,167.74
9/13/1998,168.06
9/14/1998,168.21
9/15/1998,168.51
9/16/1998,168.42
9/17/1998,168.53
9/20/1998,169.01
9/22/1998,168.18
9/23/1998,168.28
9/24/1998,166.72
9/27/1998,166.22
10/6/1998,165.75
10/7/1998,167.35
10/8/1998,167.48
10/11/1998,167.95
10/12/1998,167.95
10/13/1998,168.42
10/14/1998,168.69
10/15/1998,168.75
10/18/1998,169.61
10/25/1998,170.07
10/26/1998,169.71
10/27/1998,170.6
10/28/1998,171.39
10/29/1998,172
11/1/1998,172.41
11/2/1998,172.34
11/3/1998,174.98
11/4/1998,176.81
11/5/1998,179.29
11/8/1998,182.06
11/10/1998,181.67
11/11/1998,183.58
11/12/1998,183.77
11/15/1998,183.78
11/16/1998,184.17
11/17/1998,183.61
11/18/1998,185.56
11/19/1998,187.3
11/22/1998,188.34
11/23/1998,189.46
11/24/1998,190.74
11/25/1998,190.75
11/26/1998,192.9
11/29/1998,193.45
11/30/1998,192.93
12/1/1998,192.66
12/2/1998,192.85
12/3/1998,190.55
12/6/1998,190.47
12/7/1998,190.52
12/8/1998,190.68
12/9/1998,190.47
12/13/1998,188.87
12/14/1998,187.67
12/15/1998,187.16
12/16/1998,187.45
12/17/1998,187.55
12/20/1998,187.82
12/21/1998,188.35
12/22/1998,188.41
12/23/1998,188.85
12/24/1998,188.44
12/27/1998,189.72
12/28/1998,189.57
12/30/1998,174.97
12/31/1998,175.46
1/3/1999,176.49
1/4/1999,176.74
1/5/1999,177.78
1/6/1999,178.8
1/7/1999,179.22
1/10/1999,180.8
1/12/1999,181.35
1/13/1999,181.7
1/14/1999,181.67
1/17/1999,181.05
1/18/1999,181.23
1/19/1999,181.68
1/20/1999,182.31
1/21/1999,182.68
1/25/1999,182.89
1/26/1999,181.76
1/27/1999,180.59
1/28/1999,180.03
1/31/1999,179.6
2/1/1999,179.16
2/2/1999,178.61
2/3/1999,178.46
2/4/1999,179.1
2/7/1999,179.36
2/8/1999,178.66
2/10/1999,177.61
2/11/1999,178.48
2/15/1999,179.38
2/16/1999,178.94
2/17/1999,179.38
2/18/1999,178.94
2/21/1999,179.89
2/22/1999,179.65
2/23/1999,180.03
2/24/1999,179.88
2/25/1999,179.18
2/28/1999,178.94
3/1/1999,183.3
3/2/1999,178.81
3/3/1999,178.17
3/4/1999,177.83
3/5/1999,185.64
3/6/1999,186.04
3/7/1999,178.34
3/8/1999,178.3
3/9/1999,178.37
3/10/1999,179.02
3/11/1999,179.36
3/14/1999,180.17
3/15/1999,181.4
3/16/1999,182.4
3/18/1999,184.24
3/21/1999,183.96
3/22/1999,184.49
3/23/1999,184.27
3/24/1999,185.05
3/28/1999,184.58
3/29/1999,185.55
3/30/1999,186.76
3/31/1999,187.37
4/11/1999,186.74
4/12/1999,188.1
4/13/1999,188.38
4/15/1999,189.01
4/18/1999,190.88
4/19/1999,192.59
4/20/1999,193.55
4/21/1999,194.07
4/22/1999,192.6
4/25/1999,191.83
4/26/1999,192.88
4/28/1999,192.17
4/29/1999,191.82
5/2/1999,193.27
5/4/1999,194.07
5/5/1999,195.53
5/6/1999,196.06
5/9/1999,196.1
5/10/1999,195.9
5/11/1999,195.65
5/12/1999,196.95
5/13/1999,196.98
5/17/1999,198.36
5/18/1999,197.72
5/19/1999,198.58
5/20/1999,199.7
5/23/1999,200.36
5/24/1999,200.88
5/25/1999,201.52
5/26/1999,203.2
5/27/1999,205.32
5/30/1999,206.18
5/31/1999,207.77
6/1/1999,208.3
6/2/1999,209.14
6/3/1999,210
6/6/1999,210.96
6/7/1999,211.94
6/9/1999,211.85
6/10/1999,212.3
6/13/1999,212.51
6/14/1999,212.39
6/15/1999,212.14
6/16/1999,214.14
6/17/1999,217.99
6/20/1999,223.3
6/21/1999,226.19
6/22/1999,229.08
6/23/1999,232.64
6/24/1999,233.13
6/27/1999,231.32
6/28/1999,227.37
6/29/1999,220.78
6/30/1999,215.15
7/1/1999,212.15
7/4/1999,212.54
7/5/1999,212.93
7/6/1999,213.2
7/7/1999,211.95
7/8/1999,212.16
7/11/1999,212.72
7/12/1999,213.72
7/13/1999,213.17
7/14/1999,216.23
7/15/1999,216.92
7/18/1999,218.32
7/19/1999,220.03
7/20/1999,221.92
7/21/1999,225.06
7/22/1999,226.15
7/25/1999,228.41
7/26/1999,228.34
7/27/1999,227.27
7/28/1999,226.31
7/29/1999,226.31
8/1/1999,223.09
8/2/1999,224.79
8/3/1999,225.26
8/4/1999,225.57
8/5/1999,226.2
8/8/1999,226.84
8/9/1999,227.41
8/10/1999,227.26
8/12/1999,227.1
8/15/1999,227.62
8/16/1999,227.79
8/17/1999,228.19
8/18/1999,228.19
8/19/1999,229.12
8/22/1999,228.17
8/23/1999,228.4
8/24/1999,228.93
8/25/1999,228.94
8/30/1999,229.33
8/31/1999,229.62
9/1/1999,230.41
9/3/1999,230.99
9/6/1999,231.39
9/7/1999,232.01
9/8/1999,231.62
9/9/1999,231.08
9/10/1999,232.4
9/13/1999,233.39
9/14/1999,234.73
9/15/1999,236.45
9/16/1999,237.5
9/17/1999,239.35
9/20/1999,238.55
9/21/1999,239.95
9/22/1999,241.09
9/23/1999,242.72
9/27/1999,243.18
9/28/1999,244.5
9/29/1999,245.75
9/30/1999,245.75
10/1/1999,247.45
10/4/1999,246.09
10/5/1999,246.02
10/6/1999,245.32
10/7/1999,243.64
10/8/1999,244.87
10/11/1999,244.87
10/12/1999,245.64
10/13/1999,246.2
10/14/1999,244.16
10/15/1999,245.41
10/25/1999,245.65
10/26/1999,245.85
10/27/1999,247.61
10/28/1999,248.35
10/29/1999,249.72
11/1/1999,251.27
11/2/1999,253.93
11/3/1999,255.01
11/4/1999,254.05
11/5/1999,255.44
11/11/1999,255.64
11/12/1999,255.44
11/15/1999,255.02
11/16/1999,254.58
11/17/1999,256.15
11/18/1999,256.88
11/19/1999,257.55
11/22/1999,259.97
11/23/1999,259.18
11/24/1999,259.06
11/25/1999,260.74
11/26/1999,261.38
11/29/1999,260.89
11/30/1999,260.56
12/1/1999,257.99
12/2/1999,257.1
12/3/1999,257.91
12/6/1999,257.24
12/7/1999,256.09
12/8/1999,255.94
12/9/1999,255.53
12/10/1999,255.49
12/13/1999,252.07
12/14/1999,253.19
12/15/1999,254.3
12/16/1999,256.4
12/17/1999,256.9
12/20/1999,257.74
12/21/1999,258.58
12/22/1999,259.71
12/23/1999,260.23
12/24/1999,259.46
12/27/1999,260.61
12/28/1999,261.21
12/30/1999,261.82
12/31/1999,262.52
1/3/2000,262.5
1/4/2000,262.94
1/5/2000,264.52
1/6/2000,265.76
1/7/2000,267.88
1/10/2000,268.65
1/13/2000,269.92
1/14/2000,269.88
1/17/2000,272.55
1/18/2000,273.94
1/19/2000,276.67
1/20/2000,276.95
1/21/2000,278.33
1/24/2000,276.49
1/25/2000,275.78
1/26/2000,276.39
1/27/2000,277.16
1/28/2000,273.76
1/31/2000,275.78
2/1/2000,276.15
2/2/2000,277.21
2/3/2000,278.16
2/4/2000,278.96
2/7/2000,278.74
2/8/2000,282.37
2/9/2000,283.72
2/11/2000,285.3
2/14/2000,288.53
2/15/2000,290.98
2/16/2000,291.77
2/17/2000,295.06
2/18/2000,296.35
2/21/2000,296.43
2/22/2000,297.62
2/23/2000,300.17
2/24/2000,303.61
2/25/2000,304.55
2/28/2000,306.79
2/29/2000,308.19
3/1/2000,312.56
3/2/2000,315.97
3/3/2000,321.25
3/6/2000,323.78
3/7/2000,327.01
3/8/2000,327.3
3/9/2000,329.81
3/10/2000,330.9
3/13/2000,329.2
3/14/2000,328.15
3/15/2000,326.7
3/16/2000,324.95
3/17/2000,318.93
3/20/2000,318.54
3/21/2000,316.53
3/22/2000,316.33
3/23/2000,318.31
3/24/2000,321.67
3/27/2000,325.14
3/28/2000,326.8
3/29/2000,326.78
3/30/2000,328.75
3/31/2000,330.06
4/3/2000,328.36
4/5/2000,332.2
4/6/2000,332.45
4/7/2000,331.88
4/10/2000,332.93
4/11/2000,331.76
4/14/2000,333.61
4/17/2000,333.4
4/18/2000,338.41
4/19/2000,341.58
4/20/2000,346.67
4/21/2000,349.71
4/24/2000,354.37
4/25/2000,368.91
4/26/2000,354.6
4/27/2000,350.88
4/28/2000,350.7
5/1/2000,349.54
5/2/2000,348.79
5/3/2000,345.89
5/4/2000,346.64
5/5/2000,347.22
5/8/2000,349.2
5/9/2000,349.8
5/10/2000,348.93
5/11/2000,349.27
5/12/2000,348.71
5/15/2000,347.7
5/16/2000,347.2
5/17/2000,347.15
5/19/2000,347.73
5/22/2000,345.09
5/23/2000,345.1
5/24/2000,345.07
5/25/2000,343.98
5/26/2000,343.88
5/29/2000,344.09
5/30/2000,343.99
5/31/2000,343.49
6/1/2000,343.41
6/2/2000,342.73
6/5/2000,342.2
6/6/2000,341.48
6/7/2000,340.86
6/8/2000,340.54
6/9/2000,340.07
6/12/2000,339.2
6/13/2000,339.4
6/14/2000,338.76
6/15/2000,339.24
6/16/2000,340.38
6/19/2000,338.46
6/20/2000,339.02
6/21/2000,338.48
6/22/2000,338.21
6/23/2000,338.1
6/26/2000,338.05
6/27/2000,337.78
6/28/2000,338.16
6/29/2000,337.82
6/30/2000,338.52
7/3/2000,338.9
7/4/2000,340.47
7/5/2000,340.76
7/6/2000,342.47
7/7/2000,345.12
7/10/2000,349.26
7/11/2000,351.62
7/12/2000,353.85
7/13/2000,359.11
7/14/2000,360.7
7/17/2000,358.06
7/18/2000,355.91
7/19/2000,356.47
7/20/2000,356.67
7/21/2000,356.11
7/24/2000,354.81
7/25/2000,354.84
7/26/2000,354.39
7/27/2000,356.03
7/28/2000,356.44
7/31/2000,355.56
8/1/2000,355.49
8/2/2000,355.41
8/4/2000,356.07
8/7/2000,356.81
8/8/2000,357.35
8/9/2000,358.66
8/10/2000,358.98
8/11/2000,362.67
8/14/2000,364.24
8/17/2000,369.29
8/18/2000,373.99
8/21/2000,389.03
8/23/2000,400.09
8/24/2000,406.06
8/25/2000,416.94
8/28/2000,421.11
8/29/2000,425.27
8/30/2000,422.74
8/31/2000,423.63
9/1/2000,419.86
9/4/2000,417.92
9/5/2000,410.6
9/6/2000,401.43
9/7/2000,404.65
9/8/2000,395.27
9/11/2000,408.19
9/13/2000,417.24
9/14/2000,419.74
9/15/2000,421.18
9/18/2000,417.35
9/19/2000,419.6
9/20/2000,421.6
9/21/2000,421.7
9/22/2000,422.01
9/25/2000,421.38
9/26/2000,421.56
9/27/2000,423.7
9/29/2000,423.9
10/2/2000,427.76
10/3/2000,430.22
10/13/2000,429.46
10/16/2000,433.92
10/17/2000,440.97
10/18/2000,453.46
10/19/2000,463.71
10/20/2000,471.12
10/23/2000,475.38
10/24/2000,479.66
10/25/2000,476.9
10/30/2000,471.55
10/31/2000,468.76
11/1/2000,472.02
11/2/2000,472.48
11/3/2000,475.43
11/6/2000,482.93
11/7/2000,493.94
11/9/2000,499.11
11/10/2000,505.91
11/13/2000,507.51
11/14/2000,513.7
11/15/2000,519.33
11/16/2000,526.9
11/17/2000,540.28
11/20/2000,543.44
11/21/2000,544.14
11/22/2000,544.94
11/23/2000,545.82
11/24/2000,543.85
11/27/2000,533.96
11/28/2000,510.86
11/29/2000,498.32
11/30/2000,502.85
12/1/2000,508.58
12/4/2000,508.98
12/5/2000,502.75
12/6/2000,500.48
12/7/2000,497.24
12/8/2000,494.22
12/11/2000,495.65
12/12/2000,489.74
12/13/2000,488.01
12/14/2000,484.53
12/15/2000,486.05
12/18/2000,487.4
12/19/2000,488.5
12/20/2000,488.5
12/21/2000,489.74
12/22/2000,489.07
12/25/2000,494.71
12/26/2000,493.4
12/27/2000,489.03
12/28/2000,488.01
1/1/2001,487.26
1/2/2001,486.09
1/3/2001,486.58
1/4/2001,486.56
1/5/2001,482.2
1/8/2001,479.23
1/9/2001,474.52
1/10/2001,468.4
1/12/2001,464.78
1/15/2001,462.59
1/16/2001,460.86
1/17/2001,460.29
1/18/2001,458.82
1/19/2001,458.37
1/22/2001,459.28
1/23/2001,460.79
1/24/2001,460.5
1/25/2001,465.37
1/26/2001,467.37
1/30/2001,468.41
1/31/2001,468.07
2/1/2001,467.02
2/2/2001,465.39
2/5/2001,462.52
2/6/2001,464.01
2/7/2001,460.85
2/8/2001,458.73
2/9/2001,455.34
2/12/2001,451.57
2/13/2001,452.53
2/14/2001,443.35
2/15/2001,439.41
2/16/2001,436.97
2/19/2001,430.77
2/20/2001,424.92
2/22/2001,415.1
2/23/2001,402.55
2/27/2001,398
2/28/2001,375.29
3/1/2001,375.17
3/2/2001,377.2
3/5/2001,391.59
3/6/2001,393.6
3/7/2001,393.24
3/8/2001,396.26
3/12/2001,397.61
3/13/2001,395.85
3/14/2001,391.88
3/15/2001,390.88
3/16/2001,390.2
3/19/2001,388.4
3/20/2001,385.45
3/21/2001,378.49
3/22/2001,377.48
3/23/2001,376.98
3/26/2001,382.58
3/27/2001,373.97
3/28/2001,375.07
3/29/2001,378.01
3/30/2001,386.87
4/3/2001,375.95
4/4/2001,376.97
4/5/2001,372.86
4/6/2001,374.58
4/9/2001,373.05
4/10/2001,372.62
4/11/2001,369.99
4/12/2001,370.31
4/13/2001,369.05
4/16/2001,366.6
4/17/2001,366.21
4/18/2001,367.37
4/19/2001,366.39
4/20/2001,366.78
4/23/2001,365.58
4/24/2001,366.13
4/25/2001,365.84
4/26/2001,366.52
4/27/2001,367.98
4/30/2001,368.38
5/1/2001,366.73
5/2/2001,366.98
5/3/2001,365.2
5/4/2001,365.25
5/8/2001,364.63
5/9/2001,360.81
5/10/2001,358.28
5/11/2001,355.6
5/14/2001,351.08
5/15/2001,344.02
5/16/2001,332.84
5/17/2001,329.8
5/18/2001,331.72
5/21/2001,333
5/22/2001,334.26
5/23/2001,336.98
5/24/2001,337.46
5/25/2001,339.24
5/28/2001,338.99
5/29/2001,338.73
5/30/2001,339.49
5/31/2001,340.43
6/1/2001,342.25
6/12/2001,338.05
6/13/2001,333.18
6/15/2001,331.3
6/18/2001,332.81
6/19/2001,334.5
6/20/2001,336.22
6/21/2001,336.87
6/25/2001,336.34
6/26/2001,335.17
6/27/2001,334.39
6/28/2001,333.8
6/29/2001,332.69
7/2/2001,331.05
7/3/2001,327.94
7/4/2001,325.94
7/5/2001,324.75
7/6/2001,327.28
7/9/2001,322.94
7/10/2001,322.74
7/11/2001,326.14
7/12/2001,334.75
7/13/2001,348.43
7/16/2001,352.25
7/17/2001,346.8
7/18/2001,343.13
7/19/2001,337.88
7/20/2001,334.64
7/23/2001,329.77
7/24/2001,329.89
7/25/2001,321.16
7/26/2001,321.16
7/27/2001,321.96
7/30/2001,322.45
7/31/2001,323.64
8/1/2001,325.21
8/2/2001,325.6
8/3/2001,316.92
8/6/2001,321.12
8/7/2001,329.51
8/8/2001,329.09
8/9/2001,319.9
8/10/2001,319.49
8/13/2001,316.39
8/14/2001,314.04
8/15/2001,314.95
8/16/2001,322.13
8/17/2001,320.32
8/20/2001,312.41
8/21/2001,317.34
8/22/2001,309.91
8/23/2001,299.34
8/24/2001,298.85
8/27/2001,295.17
8/28/2001,292.53
8/29/2001,284.13
8/30/2001,280.37
8/31/2001,281.04
9/3/2001,281.83
9/4/2001,282.95
9/5/2001,282.78
9/6/2001,280.93
9/7/2001,280.93
9/10/2001,276.91
9/11/2001,274.34
9/12/2001,269.17
9/13/2001,261.37
9/14/2001,265.22
9/17/2001,273.01
9/18/2001,275.13
9/19/2001,279.92
9/20/2001,282.96
9/21/2001,283.38
9/24/2001,279.65
9/25/2001,277.79
9/26/2001,275.23
9/27/2001,275.09
9/28/2001,276.07
10/1/2001,276.46
10/2/2001,278.01
10/3/2001,281.39
10/4/2001,282.11
10/5/2001,282.34
10/8/2001,282.68
10/9/2001,282.16
10/10/2001,282.83
10/11/2001,281.89
10/12/2001,282.05
10/15/2001,282.79
10/16/2001,281.21
10/17/2001,281.5
10/18/2001,281.8
10/19/2001,282.75
10/22/2001,283.06
10/30/2001,285.25
10/31/2001,287.17
11/1/2001,287.79
11/2/2001,289.98
11/5/2001,290.97
11/6/2001,296.35
11/7/2001,297.52
11/9/2001,297.19
11/12/2001,298.19
11/13/2001,300.15
11/19/2001,301.15
11/20/2001,300.34
11/21/2001,299.38
11/22/2001,297.51
11/23/2001,296.01
11/26/2001,290.07
11/27/2001,283.98
11/28/2001,288.83
11/29/2001,287.63
11/30/2001,287.7
12/3/2001,288.72
12/4/2001,287.26
12/5/2001,287.78
12/6/2001,288.97
12/7/2001,290.57
12/10/2001,290.49
12/11/2001,287.42
12/12/2001,287.42
12/13/2001,286.9
12/14/2001,284.48
12/17/2001,283.33
12/18/2001,283.75
12/19/2001,282.8
12/20/2001,280.62
12/21/2001,280.05
12/24/2001,277.84
12/25/2001,278.21
12/26/2001,274.36
12/27/2001,273.2
12/28/2001,271.43
12/31/2001,269.75
1/1/2002,266.28
1/2/2002,263.09
1/3/2002,261.08
1/7/2002,260.67
1/8/2002,261.56
1/9/2002,262.2
1/10/2002,255.92
1/14/2002,258.91
1/15/2002,261.44
1/16/2002,262.88
1/17/2002,260.65
1/18/2002,259.75
1/21/2002,257.73
1/22/2002,255.91
1/23/2002,255.04
1/24/2002,253.2
1/25/2002,256.96
1/28/2002,252.83
1/30/2002,252.73
1/31/2002,251.96
2/1/2002,251.41
2/4/2002,248.72
2/5/2002,247.16
2/6/2002,245.4
2/7/2002,240.41
2/8/2002,236.42
2/11/2002,236.06
2/12/2002,236.01
2/13/2002,236.6
2/14/2002,234.82
2/15/2002,234.97
2/18/2002,233.75
2/20/2002,230.5
2/21/2002,228.75
2/22/2002,226.03
2/25/2002,225.11
2/26/2002,223.46
2/27/2002,222.45
2/28/2002,220.28
3/1/2002,218.59
3/4/2002,215.89
3/5/2002,211.76
3/6/2002,208.53
3/7/2002,204.79
3/8/2002,198.37
3/11/2002,195.46
3/13/2002,193.83
3/14/2002,187.88
3/15/2002,186.22
3/18/2002,186.94
3/19/2002,192.71
3/20/2002,200.18
3/21/2002,204.28
3/22/2002,209.67
3/25/2002,213.74
3/26/2002,213.71
3/27/2002,205.52
3/29/2002,198.81
4/1/2002,201.06
4/2/2002,209.7
4/3/2002,211.11
4/4/2002,208.93
4/5/2002,208.92
4/8/2002,212.66
4/9/2002,214.55
4/10/2002,217.45
4/11/2002,219.14
4/12/2002,216.21
4/15/2002,214.94
4/16/2002,215.15
4/17/2002,216.36
4/18/2002,216.94
4/19/2002,217.14
4/22/2002,215.1
4/23/2002,215.45
4/24/2002,216.83
4/25/2002,218.09
4/26/2002,218.55
4/29/2002,219.51
4/30/2002,220.17
5/1/2002,221.43
5/2/2002,221.73
5/3/2002,224.69
5/6/2002,230.77
5/7/2002,240.04
5/8/2002,243.63
5/9/2002,234.72
5/10/2002,240.46
5/13/2002,238.65
5/14/2002,239.09
5/15/2002,238.42
5/16/2002,237.62
5/17/2002,239.54
5/20/2002,239.9
5/21/2002,241.08
5/22/2002,241.45
5/23/2002,235.88
5/24/2002,238.19
5/27/2002,234.05
5/28/2002,233.47
5/29/2002,234.25
5/30/2002,233.89
5/31/2002,233.28
6/3/2002,232.81
6/4/2002,232.59
6/5/2002,232.79
6/6/2002,231.83
6/7/2002,231.17
6/10/2002,231.45
6/11/2002,231.34
6/12/2002,230.69
6/13/2002,228.26
6/14/2002,226.04
6/17/2002,225.29
6/18/2002,226.83
6/19/2002,227.24
6/21/2002,227.67
6/24/2002,229.1
6/25/2002,229.33
6/26/2002,229.36
6/27/2002,229.17
7/1/2002,229.2
7/2/2002,229.18
7/3/2002,228.27
7/4/2002,227.16
7/5/2002,226.48
7/8/2002,226.23
7/10/2002,224.84
7/11/2002,223.67
7/12/2002,222.86
7/15/2002,223.76
7/16/2002,227.54
7/17/2002,222.06
7/19/2002,222
7/22/2002,221.65
7/23/2002,221.49
7/24/2002,221.75
7/25/2002,224.17
7/26/2002,224.47
7/29/2002,224.65
7/30/2002,224.57
8/1/2002,223.86
8/2/2002,224.52
8/5/2002,223.84
8/6/2002,223.84
8/7/2002,223.63
8/8/2002,223.68
8/9/2002,224.03
8/12/2002,223.77
8/13/2002,224.32
8/14/2002,225.39
8/15/2002,226.02
8/16/2002,226.59
8/19/2002,226.37
8/20/2002,227.58
8/21/2002,228.4
8/22/2002,229.02
8/23/2002,229.88
8/26/2002,230.01
8/27/2002,228.96
8/28/2002,228.54
8/29/2002,227.36
9/2/2002,225.38
9/3/2002,225.3
9/4/2002,225.59
9/5/2002,224.86
9/6/2002,224.54
9/9/2002,223.92
9/10/2002,223.71
9/11/2002,223.87
9/12/2002,223.79
9/13/2002,223.03
9/16/2002,222.98
9/17/2002,222.87
9/18/2002,222.77
9/19/2002,223.14
9/23/2002,222.12
9/24/2002,219.97
9/25/2002,218.48
9/26/2002,218.22
9/27/2002,218.19
9/30/2002,217.53
10/1/2002,217.13
10/2/2002,217.11
10/3/2002,218.03
10/4/2002,217.9
10/8/2002,218.76
10/9/2002,218.88
10/10/2002,219.33
10/11/2002,219.26
10/21/2002,219.16
10/22/2002,219.69
10/23/2002,220.03
10/24/2002,221.08
10/25/2002,220.78
10/28/2002,220.97
10/29/2002,223.11
10/30/2002,224.33
10/31/2002,225.4
11/1/2002,225.65
11/7/2002,224.29
11/8/2002,223.94
11/11/2002,222.97
11/12/2002,222.67
11/13/2002,222.49
11/14/2002,221.57
11/15/2002,220.73
11/18/2002,220.59
11/19/2002,220.37
11/20/2002,220.43
11/21/2002,219.25
11/22/2002,217.36
11/25/2002,217.1
11/26/2002,217.11
11/27/2002,217.31
11/28/2002,217.44
12/2/2002,216.98
12/3/2002,216.26
12/4/2002,216.75
12/5/2002,217.2
12/6/2002,216.79
12/9/2002,216.29
12/10/2002,215.97
12/11/2002,215.87
12/12/2002,214.97
12/13/2002,214.57
12/16/2002,214.27
12/17/2002,214.34
12/18/2002,208.08
12/19/2002,207.35
12/20/2002,206.57
12/23/2002,206.43
12/24/2002,206.8
12/25/2002,206.62
12/26/2002,204.34
12/27/2002,204.53
12/30/2002,204.77
1/1/2003,204.1
1/2/2003,203.61
1/3/2003,203.81
1/6/2003,203.03
1/7/2003,202.37
1/8/2003,202.35
1/10/2003,200.98
1/13/2003,200.82
1/14/2003,200.8
1/15/2003,201.44
1/16/2003,201.64
1/17/2003,202.07
1/20/2003,199.28
1/21/2003,198.51
1/22/2003,198.55
1/23/2003,198.7
1/24/2003,198.44
1/27/2003,199.03
1/28/2003,199.52
1/29/2003,199.78
1/31/2003,203.54
2/3/2003,213.3
2/4/2003,225.96
2/5/2003,227.4
2/6/2003,220.59
2/7/2003,217.14
2/10/2003,215.18
2/11/2003,213.7
2/12/2003,213.31
2/13/2003,211.52
2/14/2003,211.21
2/17/2003,211.28
2/18/2003,211.9
2/20/2003,211.3
2/21/2003,211.04
2/24/2003,211.99
2/25/2003,211.53
2/26/2003,210.59
2/27/2003,209.37
2/28/2003,209.26
3/3/2003,209.19
3/4/2003,208.54
3/5/2003,208.54
3/6/2003,208.29
3/7/2003,207.23
3/10/2003,207.2
3/11/2003,207.15
3/12/2003,207.18
3/13/2003,207.24
3/14/2003,209.66
3/18/2003,210.1
3/19/2003,212.68
3/20/2003,214.09
3/21/2003,217.32
3/24/2003,217.39
3/25/2003,216.72
3/26/2003,213.87
3/27/2003,212.76
3/28/2003,212.36
3/31/2003,214.84
4/1/2003,216.71
4/2/2003,216.69
4/3/2003,216.36
4/4/2003,216.22
4/7/2003,215.39
4/8/2003,214.86
4/9/2003,213.91
4/10/2003,214.08
4/15/2003,213.68
4/16/2003,211.99
4/17/2003,211.37
4/18/2003,211.41
4/21/2003,210.32
4/22/2003,209.43
4/23/2003,209.49
4/24/2003,208.97
4/25/2003,209.69
4/28/2003,209.23
4/29/2003,209.41
4/30/2003,209.17
5/1/2003,209.56
5/2/2003,209.62
5/5/2003,209.51
5/6/2003,209.37
5/7/2003,209.01
5/8/2003,208.48
5/9/2003,208.2
5/12/2003,207.84
5/13/2003,207.8
5/14/2003,207.45
5/15/2003,208.09
5/19/2003,208.31
5/20/2003,207.85
5/21/2003,207.61
5/22/2003,208.04
5/23/2003,208.3
5/26/2003,208.76
5/27/2003,208.8
5/28/2003,208.88
5/29/2003,209.1
5/30/2003,209.63
6/2/2003,209.74
6/3/2003,209.48
6/4/2003,209.35
6/5/2003,209.09
6/6/2003,208.99
6/9/2003,208.95
6/10/2003,208.19
6/11/2003,210.86
6/12/2003,210.46
6/13/2003,207.65
6/16/2003,207.43
6/17/2003,206.82
6/18/2003,206.47
6/19/2003,206
6/20/2003,205.92
6/23/2003,205.48
6/24/2003,205.3
6/25/2003,204.94
6/26/2003,204.86
6/27/2003,205.82
6/30/2003,205.67
7/1/2003,205.12
7/2/2003,204.27
7/3/2003,204.61
7/4/2003,204.4
7/8/2003,204.18
7/9/2003,203.86
7/10/2003,203.78
7/11/2003,203.79
7/14/2003,204.44
7/15/2003,205.46
7/16/2003,204.86
7/17/2003,204.41
7/18/2003,204.31
7/21/2003,203.69
7/22/2003,203.56
7/23/2003,203.54
7/24/2003,203.29
7/25/2003,203.19
7/28/2003,203.37
7/29/2003,202.98
7/30/2003,202.77
7/31/2003,202.95
8/1/2003,202.69
8/4/2003,202.7
8/5/2003,202.83
8/6/2003,202.75
8/7/2003,203.57
8/8/2003,204.44
8/11/2003,205.63
8/13/2003,206.21
8/14/2003,206.57
8/15/2003,207.92
8/18/2003,208.52
8/20/2003,209.25
8/21/2003,210.11
8/22/2003,210.42
8/25/2003,211.54
8/26/2003,211.22
8/27/2003,209.81
8/28/2003,206.52
8/29/2003,205.32
9/1/2003,203.18
9/2/2003,202.41
9/3/2003,201.65
9/4/2003,202.45
9/5/2003,204.44
9/8/2003,204.36
9/10/2003,205.02
9/11/2003,206.11
9/12/2003,207.54
9/15/2003,208
9/16/2003,208.32
9/17/2003,208.46
9/18/2003,208.07
9/19/2003,207.58
9/22/2003,207.43
9/23/2003,207.41
9/24/2003,206.58
9/25/2003,206.59
9/26/2003,207.08
9/29/2003,206.84
9/30/2003,206.83
10/1/2003,206.96
10/8/2003,206.58
10/9/2003,207.03
10/10/2003,206.93
10/13/2003,206.93
10/14/2003,207.03
10/15/2003,207.06
10/16/2003,207.6
10/17/2003,207.54
10/20/2003,208.03
10/21/2003,207.81
10/22/2003,207.58
10/23/2003,207.73
10/24/2003,207.94
10/28/2003,207.89
10/29/2003,207.49
10/30/2003,207.46
10/31/2003,207.65
11/3/2003,207.8
11/4/2003,208.1
11/5/2003,207.57
11/6/2003,207.31
11/7/2003,207.28
11/10/2003,207.04
11/11/2003,207.15
11/12/2003,207.23
11/13/2003,206.67
11/14/2003,206.21
11/17/2003,206.33
11/18/2003,206.45
11/19/2003,206.72
11/20/2003,206.4
11/21/2003,206
11/24/2003,205.83
11/25/2003,207.01
11/26/2003,207.13
11/27/2003,206.76
11/28/2003,205.66
12/1/2003,205.03
12/2/2003,204.96
12/3/2003,205.36
12/4/2003,205.18
12/5/2003,204.09
12/8/2003,206.28
12/9/2003,206.4
12/10/2003,206.35
12/11/2003,206.42
12/12/2003,202.47
12/15/2003,201.94
12/16/2003,201.88
12/17/2003,201.5
12/18/2003,201.56
12/19/2003,201.54
12/22/2003,201.51
12/23/2003,201.29
12/24/2003,201.22
12/25/2003,201.52
12/26/2003,201.65
12/29/2003,202.23
12/29/2003,202.23
12/30/2003,201.23
12/31/2003,201.57
1/1/2004,201.88
1/2/2004,201.52
1/5/2004,201.51
1/6/2004,201.82
1/7/2004,201.51
1/8/2004,201.46
1/9/2004,200.84
1/12/2004,201.34
1/13/2004,202.19
1/14/2004,201.95
1/15/2004,202.65
1/16/2004,204.41
1/19/2004,206.02
1/20/2004,207.8
1/21/2004,207.89
1/22/2004,210.13
1/23/2004,212.23
1/26/2004,212.96
1/27/2004,211.77
1/28/2004,211.47
1/29/2004,211.39
2/2/2004,211.11
2/3/2004,211.35
2/4/2004,211.43
2/5/2004,211.28
2/6/2004,211.48
2/9/2004,211.18
2/10/2004,211.07
2/11/2004,211.17
2/12/2004,211.31
2/13/2004,210.54
2/16/2004,210.69
2/17/2004,210.6
2/20/2004,210.56
2/23/2004,210.45
2/25/2004,210.04
2/26/2004,209.15
2/27/2004,208.87
3/1/2004,208.68
3/2/2004,208.75
3/3/2004,208.82
3/4/2004,208.76
3/5/2004,208.41
3/8/2004,208.09
3/9/2004,208.26
3/10/2004,208.07
3/11/2004,207.73
3/12/2004,207.8
3/15/2004,207.85
3/16/2004,207.88
3/17/2004,208.16
3/18/2004,207.85
3/19/2004,207.07
3/22/2004,208
3/23/2004,208.38
3/24/2004,203.93
3/25/2004,195.61
3/26/2004,196.25
3/29/2004,195.88
3/31/2004,196.34
4/1/2004,195.14
4/2/2004,195.17
4/5/2004,196.14
4/6/2004,197.32
4/7/2004,198.87
4/8/2004,199.41
4/9/2004,199.53
4/12/2004,201.22
4/14/2004,202.94
4/15/2004,202.1
4/16/2004,202.45
4/19/2004,202.72
4/20/2004,203.05
4/21/2004,203.16
4/22/2004,203.76
4/23/2004,204.06
4/26/2004,204.38
4/27/2004,204.6
4/28/2004,204.55
4/29/2004,205.26
4/30/2004,205.22
5/3/2004,205.07
5/5/2004,201
5/6/2004,201.12
5/7/2004,201.27
5/10/2004,201.49
5/11/2004,201.54
5/12/2004,202.1
5/13/2004,204.35
5/14/2004,204.41
5/17/2004,204.8
5/18/2004,205.1
5/19/2004,205.02
5/20/2004,205.29
5/21/2004,205.13
5/24/2004,205.58
5/25/2004,206.12
5/26/2004,206.25
5/27/2004,206.9
5/28/2004,204.04
5/31/2004,207.41
6/1/2004,205.25
6/2/2004,208.53
6/3/2004,209.14
6/4/2004,209.49
6/7/2004,210.46
6/8/2004,211.75
6/9/2004,214.27
6/10/2004,216.75
6/11/2004,216.42
6/14/2004,213.12
6/15/2004,211.31
6/16/2004,211.45
6/21/2004,211.51
6/22/2004,213.25
6/23/2004,215.1
6/24/2004,216.51
6/25/2004,217.46
6/28/2004,217.41
6/29/2004,217.72
6/30/2004,218.65
7/1/2004,219.41
7/2/2004,220.75
7/5/2004,225.15
7/6/2004,227.83
7/8/2004,226.88
7/9/2004,226.3
7/12/2004,226.16
7/13/2004,226.42
7/14/2004,226.61
7/15/2004,222.04
7/16/2004,222.65
7/19/2004,223.45
7/20/2004,224.41
7/21/2004,224.42
7/22/2004,223.42
7/23/2004,224.09
7/27/2004,224.63
7/28/2004,224.91
7/29/2004,225.52
7/30/2004,226.72
8/2/2004,227.3
8/3/2004,228.77
8/4/2004,230.2
8/5/2004,231.13
8/6/2004,232.39
8/9/2004,232.53
8/10/2004,233.46
8/11/2004,235.7
8/12/2004,236.76
8/13/2004,239.55
8/16/2004,241.51
8/17/2004,241.63
8/18/2004,241.22
8/19/2004,239.1
8/20/2004,237.43
8/23/2004,236.27
8/24/2004,234.02
8/25/2004,235.81
8/26/2004,237.01
8/27/2004,237.81
8/31/2004,237.43
9/7/2004,235.61
9/8/2004,234.07
9/9/2004,231.78
9/10/2004,231.29
9/13/2004,230.9
9/14/2004,229.99
9/15/2004,230.72
9/16/2004,234.58
9/17/2004,237.22
9/20/2004,236.83
9/21/2004,235.45
9/22/2004,234.12
9/23/2004,233.46
9/24/2004,233.42
9/28/2004,233.05
9/29/2004,233.64
9/30/2004,234.11
10/1/2004,233.99
10/4/2004,234.09
10/5/2004,234
10/6/2004,234.14
10/7/2004,233.92
10/8/2004,233.81
10/11/2004,233.73
10/12/2004,232.37
10/13/2004,232.29
10/14/2004,231.31
10/18/2004,231.81
10/19/2004,232.36
10/26/2004,232
10/27/2004,232.06
10/28/2004,232.13
10/29/2004,232.44
11/1/2004,232.88
11/2/2004,233.54
11/3/2004,233.6
11/4/2004,232.76
11/5/2004,232.41
11/9/2004,232.35
11/10/2004,233.83
11/11/2004,234.77
11/15/2004,235.08
11/16/2004,235.37
11/17/2004,236.13
11/18/2004,237.24
11/19/2004,238.01
11/22/2004,239.2
11/23/2004,240.4
11/24/2004,241.27
11/25/2004,241.57
11/26/2004,241.6
11/29/2004,241.04
11/30/2004,238.92
12/1/2004,237.41
12/2/2004,237.97
12/3/2004,237.62
12/6/2004,237.68
12/7/2004,238.1
12/8/2004,235.63
12/9/2004,236.52
12/10/2004,236.71
12/13/2004,236.95
12/14/2004,236.75
12/15/2004,236.38
12/16/2004,237.03
12/17/2004,237.53
12/20/2004,237.99
12/21/2004,238.47
12/22/2004,238.2
12/23/2004,238.17
12/24/2004,238.81
12/27/2004,239.24
12/28/2004,239.41
12/29/2004,238.3
12/30/2004,238.32
12/31/2004,238.29
1/3/2005,238.32
1/4/2005,235.68
1/5/2005,234.93
1/6/2005,235.16
1/7/2005,235.61
1/10/2005,236.04
1/12/2005,237.68
1/13/2005,239.61
1/14/2005,239.94
1/17/2005,239.89
1/18/2005,240.01
1/19/2005,240.34
1/20/2005,240.72
1/21/2005,242.11
1/24/2005,243.76
1/25/2005,245.25
1/26/2005,246.85
1/27/2005,247.17
1/28/2005,246.98
1/31/2005,247.41
2/1/2005,247.25
2/2/2005,246.94
2/3/2005,248.03
2/4/2005,250.76
2/7/2005,251.02
2/8/2005,251.68
2/9/2005,251.88
2/10/2005,253.94
2/11/2005,257.29
2/14/2005,259.05
2/15/2005,264.73
2/16/2005,267.14
2/17/2005,265.74
2/21/2005,263.72
2/22/2005,263.41
2/23/2005,264.39
2/24/2005,264.98
2/25/2005,265.53
2/28/2005,265.97
3/1/2005,268.42
3/2/2005,271.41
3/3/2005,273.57
3/4/2005,277.62
3/7/2005,279.49
3/9/2005,281.8
3/10/2005,283.43
3/11/2005,280.65
3/14/2005,278.5
3/15/2005,276.45
3/16/2005,274.67
3/17/2005,273.35
3/18/2005,274.35
3/21/2005,275.57
3/22/2005,277.1
3/23/2005,278.46
3/24/2005,278.86
3/28/2005,279.86
3/29/2005,281.08
3/30/2005,283.72
3/31/2005,284.34
4/1/2005,284.21
4/4/2005,285.51
4/5/2005,285.43
4/6/2005,286.51
4/7/2005,289.56
4/8/2005,291.09
4/11/2005,290.65
4/12/2005,291.83
4/13/2005,293.26
4/18/2005,293.71
4/19/2005,293.71
4/20/2005,292.59
4/21/2005,293.58
4/24/2005,294.03
4/25/2005,294.98
4/26/2005,294.44
4/27/2005,295.33
4/28/2005,294.29
5/1/2005,294.79
5/2/2005,296.11
5/3/2005,297.81
5/4/2005,298.78
5/5/2005,288.89
5/9/2005,288.79
5/10/2005,289.34
5/11/2005,285.33
5/12/2005,285.42
5/15/2005,285.52
5/16/2005,284.52
5/17/2005,283.12
5/18/2005,281.39
5/19/2005,280.43
5/22/2005,279.73
5/24/2005,276.85
5/25/2005,275.46
5/26/2005,276.35
5/29/2005,278.43
5/30/2005,279.09
5/31/2005,279.9
6/1/2005,280.15
6/2/2005,280.97
6/5/2005,281.61
6/6/2005,281.4
6/7/2005,280.99
6/8/2005,280.39
6/9/2005,280.08
6/12/2005,279.72
6/13/2005,278.75
6/14/2005,277.79
6/15/2005,277.83
6/16/2005,277.88
6/19/2005,277.87
6/20/2005,278.88
6/21/2005,280.84
6/22/2005,281.15
6/26/2005,280.82
6/27/2005,280.39
6/28/2005,281.06
6/29/2005,281.54
6/30/2005,281.15
7/3/2005,281.28
7/4/2005,281.26
7/5/2005,282.51
7/6/2005,284.29
7/10/2005,285.07
7/11/2005,285.04
7/12/2005,286.21
7/13/2005,286.35
7/14/2005,286.67
7/17/2005,287.9
7/18/2005,288.03
7/19/2005,289.93
7/20/2005,290.88
7/24/2005,291.97
7/25/2005,292.47
7/26/2005,294.3
7/27/2005,294.62
7/28/2005,295.89
7/31/2005,296.78
8/1/2005,299.61
8/2/2005,300.88
8/3/2005,305.2
8/4/2005,305.87
8/7/2005,305.2
8/8/2005,300.55
8/9/2005,297.71
8/10/2005,297.83
8/11/2005,300.8
8/14/2005,300.94
8/15/2005,300.58
8/16/2005,300.05
8/17/2005,298.85
8/18/2005,297.06
8/21/2005,295.45
8/22/2005,293.65
8/23/2005,289.57
8/24/2005,292.08
8/25/2005,293.58
8/28/2005,293.85
8/29/2005,293.29
8/30/2005,291.61
8/31/2005,290.56
9/1/2005,289.4
9/4/2005,293.42
9/5/2005,296.76
9/6/2005,298.33
9/7/2005,298.23
9/8/2005,296.22
9/11/2005,294.95
9/12/2005,293.75
9/13/2005,293.81
9/14/2005,293.92
9/15/2005,293.35
9/18/2005,292.67
9/19/2005,293.11
9/20/2005,292.85
9/21/2005,293.69
9/22/2005,294.12
9/25/2005,294.89
9/26/2005,294.67
9/27/2005,296.2
9/28/2005,297.17
9/29/2005,296.98
10/2/2005,296.37
10/5/2005,296.55
10/6/2005,296.98
10/9/2005,297.34
10/18/2005,297.66
10/19/2005,298.11
10/20/2005,298.35
10/23/2005,302.83
10/24/2005,306.63
10/25/2005,305.32
10/26/2005,304.99
10/27/2005,305.73
10/30/2005,307.57
10/31/2005,307.22
11/6/2005,307.42
11/7/2005,303.94
11/8/2005,306.15
11/10/2005,307.98
11/13/2005,306.15
11/14/2005,305.01
11/15/2005,302.39
11/16/2005,300.58
11/17/2005,300.64
11/20/2005,300.57
11/21/2005,302.02
11/22/2005,302.23
11/23/2005,300.78
11/24/2005,301.2
11/27/2005,301.13
11/28/2005,301.67
11/29/2005,300.96
11/30/2005,300.54
12/1/2005,301.76
12/4/2005,301.65
12/5/2005,301.97
12/6/2005,298
12/7/2005,297.49
12/8/2005,299.1
12/11/2005,299.84
12/12/2005,299.71
12/13/2005,300.71
12/14/2005,302.24
12/15/2005,303.12
12/18/2005,303.98
12/19/2005,304.97
12/20/2005,306.59
12/21/2005,308.13
12/22/2005,308.67
12/25/2005,300.49
12/26/2005,299.93
12/27/2005,301.09
12/28/2005,301.6
12/29/2005,302.78
1/1/2006,303.26
1/2/2006,304.16
1/3/2006,305.42
1/4/2006,305.85
1/5/2006,305.62
1/8/2006,305.44
1/9/2006,305.69
1/10/2006,305.55
1/12/2006,305.5
1/15/2006,305.66
1/16/2006,305.85
1/17/2006,305.93
1/18/2006,306.17
1/19/2006,305.27
1/22/2006,305.3
1/23/2006,305.72
1/24/2006,306.51
1/25/2006,306.13
1/26/2006,306.28
1/30/2006,306.9
1/31/2006,309.04
2/1/2006,308.25
2/2/2006,308.92
2/5/2006,309.09
2/6/2006,309.09
2/7/2006,310.32
2/9/2006,312.63
2/12/2006,317.69
2/13/2006,325.96
2/14/2006,329.39
2/15/2006,325.9
2/16/2006,324.86
2/20/2006,325.35
2/21/2006,327.48
2/22/2006,329.82
2/23/2006,333.03
2/27/2006,337.58
2/28/2006,341.05
3/1/2006,343.28
3/2/2006,339.58
3/5/2006,339.58
3/6/2006,334.42
3/7/2006,332.28
3/8/2006,335.37
3/9/2006,337.87
3/12/2006,337.32
3/13/2006,339.79
3/15/2006,339.68
3/16/2006,339.34
3/19/2006,339.6
3/20/2006,339.98
3/21/2006,339.03
3/22/2006,338.86
3/23/2006,338.7
3/26/2006,337.99
3/27/2006,337.45
3/28/2006,337.57
3/30/2006,337.52
4/2/2006,336.71
4/3/2006,334.88
4/4/2006,334.15
4/5/2006,334.77
4/16/2006,334.27
4/17/2006,331.88
4/25/2006,338.54
4/26/2006,343.28
4/30/2006,361.58
5/1/2006,374.87
5/2/2006,372.45
5/3/2006,367.99
5/4/2006,366.94
5/7/2006,368.68
5/8/2006,370.95
5/9/2006,375.15
5/10/2006,377.47
5/11/2006,381.7
5/14/2006,385.89
5/15/2006,388.49
5/16/2006,387.86
5/17/2006,384.58
5/18/2006,384.11
5/21/2006,382.65
5/22/2006,378.23
5/23/2006,372.48
5/24/2006,370.89
5/25/2006,368.89
5/28/2006,375.64
5/29/2006,380.2
5/30/2006,372.64
5/31/2006,371.74
6/1/2006,371.97
6/4/2006,372.06
6/5/2006,371.47
6/6/2006,370.77
6/7/2006,369.62
6/8/2006,370.84
6/11/2006,371.62
6/12/2006,371.72
6/13/2006,370.79
6/14/2006,372.01
6/15/2006,372.21
6/18/2006,374.05
6/19/2006,375.49
6/20/2006,377.04
6/21/2006,378.68
6/22/2006,378.87
6/25/2006,378.45
6/26/2006,377.55
6/27/2006,375.47
6/28/2006,374.74
6/29/2006,375.14
7/2/2006,376.77
7/3/2006,378.66
7/4/2006,380.43
7/5/2006,382.04
7/6/2006,383.85
7/9/2006,384.6
7/10/2006,385.31
7/12/2006,386.63
7/13/2006,386.45
7/16/2006,386.83
7/17/2006,388.16
7/18/2006,389.74
7/19/2006,393.68
7/20/2006,395.89
7/23/2006,397.95
7/24/2006,398.21
7/25/2006,397.35
7/26/2006,394.86
7/27/2006,387.34
7/30/2006,386.5
7/31/2006,378.76
8/1/2006,366.73
8/2/2006,358.69
8/3/2006,355.6
8/6/2006,363.56
8/7/2006,383.14
8/8/2006,390.86
8/13/2006,391.73
8/14/2006,390.29
8/15/2006,389.23
8/17/2006,387.94
8/20/2006,384.79
8/21/2006,382.91
8/22/2006,380.83
8/24/2006,379.93
8/27/2006,378.81
8/28/2006,378.24
8/29/2006,379.27
8/30/2006,380.73
8/31/2006,382.24
9/3/2006,382.63
9/4/2006,382.5
9/5/2006,380.92
9/7/2006,381.47
9/10/2006,381.42
9/11/2006,381.37
9/12/2006,383.6
9/13/2006,383.17
9/14/2006,382.56
9/18/2006,387.59
9/19/2006,393.02
9/20/2006,393.39
9/21/2006,392.09
9/24/2006,391.62
9/25/2006,392.41
9/26/2006,392.73
9/28/2006,394.25
10/8/2006,397.46
10/9/2006,399.1
10/10/2006,399.45
10/11/2006,397.98
10/12/2006,398.88
10/15/2006,399.22
10/16/2006,398.2
10/17/2006,398.44
10/18/2006,398.14
10/19/2006,399.65
10/26/2006,401.07
10/29/2006,403.02
10/30/2006,405.13
10/31/2006,408.38
11/1/2006,402.11
11/2/2006,413.1
11/5/2006,415.14
11/6/2006,419.56
11/7/2006,424.21
11/8/2006,435.88
11/9/2006,445.01
11/12/2006,448.69
11/13/2006,441
11/14/2006,445.03
11/15/2006,448.12
11/16/2006,447.43
11/19/2006,447.79
11/20/2006,445.58
11/21/2006,446.48
11/23/2006,453.03
11/26/2006,463.74
11/27/2006,469.51
11/28/2006,478.01
11/29/2006,492.46
11/30/2006,486.19
12/3/2006,479.83
12/4/2006,476.93
12/5/2006,475.01
12/6/2006,473.31
12/7/2006,476.8
12/10/2006,480.95
12/11/2006,485.71
12/12/2006,494.18
12/13/2006,503.02
12/14/2006,508.58
12/17/2006,514.36
12/18/2006,517
12/19/2006,517.45
12/20/2006,511.22
12/21/2006,515.39
12/24/2006,518.64
12/25/2006,520.96
12/26/2006,520.78
12/27/2006,520.02
12/28/2006,517.46
12/31/2006,514.42
1/1/2007,512.72
1/2/2007,508.96
1/3/2007,505.25
1/4/2007,512.32
1/7/2007,521.37
1/8/2007,525.27
1/9/2007,530.45
1/10/2007,532.28
1/11/2007,532.33
1/14/2007,537.09
1/15/2007,538.36
1/17/2007,538.53
1/18/2007,535.94
1/21/2007,529.81
1/22/2007,527.05
1/24/2007,526.33
1/25/2007,523.63
1/28/2007,519.92
1/29/2007,512.7
1/31/2007,513.34
2/1/2007,519.05
2/4/2007,519.77
2/5/2007,520.2
2/6/2007,520.65
2/7/2007,519.69
2/8/2007,523.11
2/11/2007,524.79
2/12/2007,523.94
2/13/2007,525.08
2/14/2007,525.86
2/15/2007,526.97
2/18/2007,525.69
2/20/2007,523.2
2/21/2007,520.46
2/22/2007,519.07
2/25/2007,517.79
2/26/2007,514.66
2/27/2007,511.85
2/28/2007,511.81
3/1/2007,508.89
3/4/2007,505.37
3/5/2007,498.26
3/6/2007,485.98
3/7/2007,476.07
3/8/2007,486.81
3/11/2007,496.64
3/12/2007,500.72
3/13/2007,500.12
3/14/2007,494.06
3/15/2007,493.88
3/21/2007,492.32
3/22/2007,491.47
3/25/2007,488.52
3/28/2007,482.52
3/29/2007,480.99
4/1/2007,502.15
4/2/2007,507.46
4/3/2007,501.67
4/4/2007,491.61
4/5/2007,488.93
4/8/2007,488.22
4/9/2007,487.43
4/10/2007,487.01
4/11/2007,489.03
4/12/2007,494.59
4/15/2007,497.73
4/16/2007,498.02
4/17/2007,498.91
4/18/2007,501.27
4/19/2007,503.29
4/22/2007,502.72
4/23/2007,501.53
4/25/2007,502.6
4/26/2007,506.62
4/29/2007,509.62
4/30/2007,513.69
5/3/2007,514.65
5/6/2007,514.99
5/7/2007,516.14
5/8/2007,517.42
5/9/2007,518.62
5/10/2007,518.28
5/13/2007,516.8
5/14/2007,513.45
5/15/2007,512.38
5/16/2007,515.2
5/17/2007,518.55
5/20/2007,525.64
5/21/2007,525.15
5/22/2007,522.23
5/23/2007,523.46
5/24/2007,525.05
5/27/2007,524.92
5/28/2007,525.94
5/29/2007,531.96
5/30/2007,540.67
5/31/2007,541.38
6/3/2007,537.74
6/4/2007,542.14
6/5/2007,544.14
6/6/2007,549.96
6/7/2007,552.06
6/10/2007,559.15
6/11/2007,564.51
6/12/2007,572.72
6/13/2007,583.55
6/14/2007,575.04
6/17/2007,569.45
6/18/2007,563.49
6/19/2007,567.28
6/20/2007,578.81
6/21/2007,583.44
6/24/2007,584.01
6/25/2007,588.21
6/26/2007,590.29
6/27/2007,591.65
7/1/2007,593.65
7/2/2007,598.52
7/3/2007,602.87
7/4/2007,611.08
7/5/2007,613.47
7/9/2007,615.43
7/10/2007,620.61
7/11/2007,633.02
7/12/2007,643.15
7/15/2007,657.47
7/16/2007,683.95
7/17/2007,696.58
7/18/2007,677.98
7/19/2007,679.99
7/22/2007,687.65
7/23/2007,695.68
7/24/2007,695.38
7/25/2007,689.8
7/26/2007,687.83
7/29/2007,685.36
7/30/2007,680.55
7/31/2007,678.97
8/1/2007,683.36
8/2/2007,693.23
8/5/2007,702.73
8/6/2007,706.11
8/7/2007,719.69
8/8/2007,725.31
8/9/2007,723.32
8/13/2007,718.09
8/14/2007,712.67
8/15/2007,705.05
8/16/2007,705.96
8/19/2007,710.64
8/20/2007,714.06
8/21/2007,721.75
8/22/2007,722.54
8/23/2007,725.51
8/24/2007,725.86
8/26/2007,723.71
8/27/2007,723.04
8/30/2007,739.53
9/2/2007,756.05
9/3/2007,769.07
9/5/2007,785.43
9/6/2007,796.34
9/9/2007,811.98
9/10/2007,828.78
9/11/2007,833.56
9/12/2007,821.44
9/13/2007,813.77
9/16/2007,818.16
9/17/2007,817.08
9/18/2007,827.74
9/19/2007,837.92
9/20/2007,879.96
9/23/2007,847.86
9/24/2007,848.2
9/26/2007,855.13
9/27/2007,878.35
9/30/2007,885.5
10/1/2007,887.45
10/2/2007,886.12
10/3/2007,890.56
10/4/2007,899.42
10/7/2007,899.38
10/8/2007,873.92
10/9/2007,848.12
10/10/2007,837.72
10/11/2007,866.13
10/14/2007,883.42
10/15/2007,869.26
10/16/2007,863.14
10/17/2007,861.37
10/28/2007,858.06
10/29/2007,859.49
10/30/2007,864.89
10/31/2007,878.86
11/1/2007,887.59
11/4/2007,876.6
11/5/2007,874.54
11/6/2007,877.44
11/7/2007,880.06
11/8/2007,882.45
11/12/2007,889.12
11/13/2007,892.28
11/14/2007,902.45
11/15/2007,915.38
11/18/2007,851.55
11/19/2007,855
11/20/2007,852.68
11/21/2007,855.56
11/22/2007,856.24
11/25/2007,861.29
11/26/2007,867.61
11/27/2007,869.38
11/28/2007,879.58
11/29/2007,897.29
12/2/2007,922.44
12/3/2007,942.99
12/4/2007,963.79
12/5/2007,974.41
12/6/2007,992.81
12/9/2007,1000.49
12/10/2007,992.2
12/11/2007,996.29
12/12/2007,1000.27
12/13/2007,1025.91
12/16/2007,1052.92
12/17/2007,1064.09
12/18/2007,1061.35
12/19/2007,1061.27
12/20/2007,1055.73
12/23/2007,1045.65
12/24/2007,1018.16
12/25/2007,992.92
12/26/2007,967.74
12/27/2007,984.53
1/6/2008,988.64
1/7/2008,970.98
1/8/2008,956.82
1/9/2008,963.83
1/10/2008,981.43
1/13/2008,976.07
1/14/2008,958.91
1/16/2008,931.43
1/17/2008,905.38
1/20/2008,879.69
1/21/2008,867.46
1/22/2008,890.25
1/23/2008,877.51
1/24/2008,878.07
1/27/2008,867.6
1/28/2008,842.6
1/29/2008,817.6
1/31/2008,803.69
2/3/2008,778.13
2/4/2008,752.3
2/5/2008,708.73
2/6/2008,723.54
2/7/2008,750.86
2/10/2008,776.74
2/11/2008,802.03
2/12/2008,814.43
2/13/2008,809.91
2/14/2008,795.89
2/17/2008,769.92
2/18/2008,757.08
2/20/2008,756.44
2/21/2008,758.47
2/24/2008,755.89
2/25/2008,761.17
2/26/2008,759.51
2/27/2008,751.81
2/28/2008,756.76
3/2/2008,772.88
3/3/2008,771.21
3/4/2008,766.98
3/5/2008,758.7
3/9/2008,756.74
3/10/2008,749.05
3/11/2008,741.11
3/12/2008,723.28
3/13/2008,714.76
3/16/2008,712.97
3/17/2008,720.92
3/18/2008,718.93
3/19/2008,715.95
3/20/2008,716.72
3/23/2008,710.8
3/24/2008,704.54
3/25/2008,721.24
3/26/2008,720.67
3/27/2008,716.37
3/30/2008,702.97
3/31/2008,709.4
4/1/2008,712.52
4/2/2008,716.56
4/3/2008,730.14
4/6/2008,746.69
4/15/2008,720.24
4/16/2008,708.81
4/17/2008,734.83
4/20/2008,744.04
4/21/2008,739.43
4/22/2008,734.66
4/24/2008,734.87
4/27/2008,729.01
4/28/2008,730.28
4/29/2008,728.72
4/30/2008,736.46
5/4/2008,740.18
5/5/2008,748.92
5/6/2008,767.93
5/7/2008,776.97
5/8/2008,771.33
5/11/2008,773.54
5/12/2008,785.35
5/13/2008,806.26
5/14/2008,825.61
5/15/2008,812.67
5/18/2008,798.86
5/21/2008,801.48
5/22/2008,817.64
5/25/2008,832.14
5/26/2008,823.68
5/27/2008,833.18
6/1/2008,860.62
6/2/2008,873.75
6/3/2008,858.63
6/4/2008,867.93
6/5/2008,885.2
6/8/2008,910.82
6/9/2008,924.65
6/10/2008,915.03
6/11/2008,923.17
6/12/2008,930.65
6/15/2008,941.07
6/16/2008,957.87
6/17/2008,953.84
6/18/2008,959.82
6/19/2008,960.33
6/22/2008,947.12
6/23/2008,942.09
6/24/2008,940.92
6/25/2008,948.56
6/26/2008,951.62
6/29/2008,948.87
6/30/2008,937.46
7/1/2008,931.3
7/2/2008,906.24
7/3/2008,928.39
7/6/2008,926.93
7/7/2008,929.72
7/8/2008,936.46
7/9/2008,944.86
7/10/2008,949.52
7/13/2008,953.46
7/14/2008,959.26
7/15/2008,963.36
7/16/2008,982.12
7/17/2008,991.91
7/20/2008,985.24
7/21/2008,973.3
7/22/2008,962.78
7/23/2008,972.47
7/27/2008,980.81
7/28/2008,983.07
7/29/2008,1001.99
7/30/2008,1020.05
7/31/2008,1034.02
8/3/2008,1047.67
8/4/2008,1075.34
8/5/2008,1102.1
8/6/2008,1128.13
8/7/2008,1101.36
8/10/2008,1075.51
8/11/2008,1088.91
8/12/2008,1085.03
8/13/2008,1079.58
8/14/2008,1084.76
8/18/2008,1075.87
8/19/2008,1057.53
8/20/2008,1064.28
8/21/2008,1062.24
8/24/2008,1057.36
8/25/2008,1068.17
8/26/2008,1087.8
8/27/2008,1086.19
8/28/2008,1119.65
8/31/2008,1175.38
9/1/2008,1134.39
9/2/2008,1102.39
9/3/2008,1064.01
9/4/2008,1067.2
9/7/2008,1071.08
9/8/2008,1058.64
9/9/2008,1051.2
9/10/2008,1029.85
9/11/2008,1028.5
9/15/2008,996.09
9/16/2008,976.01
9/17/2008,985.16
9/18/2008,1004.28
9/21/2008,976.81
9/22/2008,952.64
9/23/2008,951.28
9/24/2008,945.07
9/25/2008,941.12
9/28/2008,954.6
9/29/2008,962.55
10/1/2008,970.23
10/5/2008,973.65
10/12/2008,969.56
10/13/2008,957.33
10/15/2008,938.31
10/16/2008,933.97
10/19/2008,918.62
10/20/2008,899.99
10/21/2008,907.73
10/22/2008,914
10/23/2008,919.33
10/26/2008,918.15
10/27/2008,881.86
11/2/2008,853.16
11/3/2008,849.44
11/5/2008,848.18
11/6/2008,832.59
11/9/2008,810.81
11/10/2008,779.78
11/11/2008,802.11
11/12/2008,815.63
11/13/2008,806.9
11/16/2008,793.86
11/17/2008,774.18
11/18/2008,775.99
11/19/2008,776.58
11/20/2008,770.37
11/23/2008,750.51
11/24/2008,726.47
11/25/2008,698.81
11/26/2008,728.57
11/27/2008,732.18
11/30/2008,750.71
12/1/2008,765.76
12/2/2008,761.67
12/3/2008,758.08
12/4/2008,754.91
12/7/2008,754.29
12/8/2008,747.72
12/10/2008,742.36
12/11/2008,743.25
12/14/2008,742.04
12/15/2008,734.85
12/16/2008,729.24
12/17/2008,728.88
12/18/2008,720.52
12/21/2008,708.12
12/22/2008,701.64
12/23/2008,701.85
12/24/2008,705.21
12/28/2008,699.2
12/29/2008,700.57
12/31/2008,695.5
1/1/2009,693.81
1/4/2009,696.21
1/5/2009,690.97
1/6/2009,687.63
1/7/2009,682.29
1/8/2009,674.32
1/11/2009,664.02
1/12/2009,660.4
1/13/2009,659.81
1/15/2009,651.22
1/18/2009,650.73
1/19/2009,647.29
1/20/2009,641.05
1/21/2009,625.79
1/22/2009,609.46
1/25/2009,616.15
1/26/2009,645.32
1/28/2009,658.83
2/1/2009,638.51
2/2/2009,636.31
2/3/2009,636.7
2/4/2009,641.64
2/5/2009,656.06
2/8/2009,671.71
2/9/2009,668.82
2/10/2009,665.15
2/11/2009,663.52
2/12/2009,671.49
2/15/2009,669.75
2/16/2009,673.51
2/17/2009,690.25
2/19/2009,699.6
2/22/2009,704.1
2/24/2009,695.92
2/26/2009,677.52
3/1/2009,676.3
3/2/2009,673.7
3/3/2009,675.77
3/4/2009,672.99
3/5/2009,670.68
3/8/2009,671.35
3/9/2009,671.44
3/11/2009,670.23
3/12/2009,667.2
3/15/2009,669.23
3/16/2009,670.86
3/17/2009,667.66
3/18/2009,667.13
3/19/2009,666.59
3/22/2009,683.5
3/23/2009,676.31
3/24/2009,678
3/25/2009,675.3
3/29/2009,669.74
3/30/2009,665.66
3/31/2009,664.13
4/1/2009,665.04
4/2/2009,661.96
4/5/2009,664.73
4/6/2009,663.46
4/7/2009,659.54
4/8/2009,661.28
4/9/2009,660.36
4/12/2009,660.15
4/13/2009,661.27
4/19/2009,659.95
4/20/2009,660.01
4/21/2009,659.06
4/22/2009,657.33
4/23/2009,657.02
4/26/2009,649.04
4/27/2009,640.16
4/28/2009,641.64
4/29/2009,643.44
4/30/2009,647.78
5/3/2009,642.04
5/4/2009,640.89
5/5/2009,648.57
5/6/2009,651.16
5/7/2009,654.05
5/10/2009,660.42
5/11/2009,659.17
5/12/2009,660.05
5/13/2009,661.55
5/14/2009,660.96
5/18/2009,683.92
5/19/2009,678.61
5/20/2009,677.2
5/21/2009,676.64
5/24/2009,688.07
5/25/2009,701.51
5/26/2009,714.72
5/27/2009,739.89
5/28/2009,718.62
5/31/2009,707.89
6/1/2009,699.95
6/2/2009,703.01
6/3/2009,699.62
6/4/2009,698.88
6/7/2009,685.61
6/8/2009,679.73
6/9/2009,684.88
6/10/2009,686.07
6/11/2009,684.39
6/14/2009,678.74
6/16/2009,681.83
6/17/2009,682.8
6/18/2009,683.71
6/21/2009,679.23
6/22/2009,678.52
6/23/2009,671.47
6/24/2009,670.25
6/25/2009,670.61
6/28/2009,666.35
6/29/2009,663.96
6/30/2009,662.63
7/1/2009,661.78
7/2/2009,667.43
7/5/2009,675.16
7/6/2009,676.14
7/7/2009,685.55
7/8/2009,696.16
7/9/2009,702.88
7/12/2009,711.06
7/13/2009,717.46
7/14/2009,743.69
7/15/2009,749.1
7/16/2009,735.87
7/19/2009,734.34
7/20/2009,739.02
7/21/2009,737.97
7/23/2009,737.84
7/26/2009,708.11
7/27/2009,730.64
7/28/2009,729.05
7/29/2009,721.49
7/30/2009,716.01
8/2/2009,704.71
8/3/2009,700.16
8/4/2009,700.01
8/9/2009,693.64
8/10/2009,690.32
8/11/2009,690.22
8/12/2009,717.2
8/16/2009,721.95
8/17/2009,716.01
8/18/2009,715.35
8/19/2009,714.4
8/20/2009,709.82
8/23/2009,702.22
8/24/2009,693.34
8/25/2009,678.87
8/26/2009,682.31
8/27/2009,681.54
8/30/2009,671.15
8/31/2009,661.03
9/1/2009,654.63
9/2/2009,660.4
9/6/2009,662.57
9/7/2009,657.53
9/8/2009,630.11
9/9/2009,620.39
9/10/2009,614.79
9/13/2009,617.34
9/14/2009,628.44
9/15/2009,629.88
9/16/2009,628.34
9/17/2009,627.97
9/20/2009,628.9
9/22/2009,632.7
9/23/2009,630.45
9/24/2009,630.55
10/4/2009,634.44
10/5/2009,636.87
10/6/2009,613.18
10/7/2009,607.86
10/8/2009,604.37
10/11/2009,599.33
10/12/2009,598.37
10/13/2009,598.8
10/14/2009,599.5
10/15/2009,609.55
10/21/2009,601.21
10/22/2009,601.16
10/25/2009,599.43
10/26/2009,595.33
10/27/2009,590.44
10/28/2009,585.04
10/29/2009,578.19
11/1/2009,567.06
11/2/2009,567.27
11/3/2009,571.58
11/4/2009,581.55
11/5/2009,584.64
11/8/2009,587.21
11/9/2009,583.1
11/10/2009,580.23
11/11/2009,576.8
11/12/2009,565.86
11/15/2009,566.94
11/16/2009,561.82
11/17/2009,564.98
11/18/2009,562.22
11/19/2009,563.01
11/22/2009,562.11
11/23/2009,549.03
11/24/2009,543.41
11/25/2009,541.55
11/26/2009,534.32
11/30/2009,528.89
12/1/2009,521.77
12/3/2009,517.45
12/6/2009,519.16
12/7/2009,524.18
12/8/2009,530.35
12/9/2009,537.57
12/10/2009,545.66
12/13/2009,553.4
12/14/2009,554.54
12/15/2009,548.61
12/16/2009,542.1
12/17/2009,539.21
12/20/2009,538.68
12/21/2009,536.93
12/22/2009,541.86
12/23/2009,543.57
12/24/2009,545.66
12/27/2009,545.27
12/28/2009,545.73
12/29/2009,547.41
12/31/2009,548.11
1/3/2010,546.96
1/4/2010,540.12
1/5/2010,536.18
1/6/2010,536.63
1/7/2010,535.81
1/10/2010,535.41
1/11/2010,534.34
1/12/2010,532.26
1/13/2010,530.81
1/14/2010,530.96
1/17/2010,528.9
1/18/2010,524.19
1/19/2010,522.05
1/20/2010,520.42
1/21/2010,518.11
1/24/2010,516.77
1/25/2010,516.82
1/26/2010,513.71
1/27/2010,511.7
1/28/2010,515.24
1/31/2010,512.34
2/1/2010,510.1
2/2/2010,507.02
2/3/2010,502.79
2/4/2010,501.4
2/7/2010,497.34
2/8/2010,489.4
2/9/2010,479.73
2/10/2010,492.88
2/11/2010,497.24
2/15/2010,493.02
2/16/2010,486.82
2/17/2010,485.82
2/18/2010,485.14
3/1/2010,497.86
3/2/2010,503.12
3/3/2010,517
3/4/2010,514.04
3/7/2010,504.52
3/9/2010,500.71
3/10/2010,489.61
3/11/2010,486.25
3/14/2010,481.19
3/16/2010,480.49
3/17/2010,477.62
3/18/2010,475.8
3/22/2010,472.82
3/23/2010,469.14
3/25/2010,466.09
3/28/2010,459.87
3/29/2010,454.43
3/30/2010,443.73
3/31/2010,443.17
4/1/2010,452.46
4/4/2010,458.13
4/5/2010,455.26
4/6/2010,449.49
4/7/2010,443.89
4/8/2010,446.03
4/11/2010,443.54
4/12/2010,443.66
4/13/2010,444.76
4/15/2010,449.04
4/18/2010,446.05
4/19/2010,441.73
4/20/2010,438.64
4/21/2010,426.54
4/22/2010,426.57
4/25/2010,423.41
4/26/2010,415.47
4/27/2010,407.6
4/28/2010,405.45
4/29/2010,419.28
5/9/2010,413.02
5/10/2010,418.77
5/11/2010,431.56
5/12/2010,449.08
5/13/2010,457.81
5/16/2010,440.54
5/17/2010,440.34
5/18/2010,448.6
5/19/2010,454.12
5/20/2010,461.99
5/23/2010,462.57
5/24/2010,462.63
5/25/2010,482.44
5/26/2010,479.4
5/30/2010,506.35
5/31/2010,490.08
6/1/2010,479.98
6/2/2010,480.48
6/3/2010,482.34
6/6/2010,478.64
6/7/2010,478.61
6/8/2010,482.76
6/9/2010,486.6
6/10/2010,484.82
6/13/2010,480.62
6/14/2010,476.69
6/15/2010,475.65
6/16/2010,475.17
6/17/2010,474.63
6/20/2010,474.99
6/21/2010,468.61
6/22/2010,470.4
6/23/2010,467.6
6/24/2010,463.45
6/28/2010,459.52
6/29/2010,455.48
6/30/2010,455.75
7/1/2010,470.91
7/4/2010,464.69
7/5/2010,460.7
7/6/2010,463.24
7/7/2010,461.87
7/8/2010,460.07
7/11/2010,460.02
7/12/2010,461.62
7/13/2010,464.65
7/14/2010,467.33
7/15/2010,477.73
7/18/2010,468.53
7/19/2010,466.3
7/20/2010,468.78
7/21/2010,472.29
7/22/2010,469.34
7/25/2010,463.94
7/26/2010,461.65
7/27/2010,462
7/28/2010,459.79
7/29/2010,461.63
8/1/2010,462.48
8/2/2010,460.77
8/3/2010,460
8/4/2010,460.89
8/5/2010,458.41
8/8/2010,459.83
8/9/2010,457.36
8/10/2010,455.71
8/11/2010,456.17
8/12/2010,454.68
8/15/2010,454.24
8/16/2010,453.7
8/17/2010,447.17
8/18/2010,442.74
8/19/2010,442.05
8/22/2010,431.15
8/23/2010,432.5
8/26/2010,432.74
8/29/2010,428.93
8/30/2010,426.74
8/31/2010,421.16
9/2/2010,420.46
9/5/2010,408.6
9/6/2010,412.32
9/7/2010,416.01
9/8/2010,420.31
9/9/2010,414.43
9/12/2010,413.46
9/13/2010,410.7
9/14/2010,410.35
9/15/2010,407.2
9/16/2010,404.43
9/19/2010,402.44
9/20/2010,401.74
9/21/2010,403.94
9/23/2010,404.41
9/26/2010,406.41
9/27/2010,406.92
9/28/2010,403.54
9/29/2010,403.47
9/30/2010,403.15
10/3/2010,402.59
10/4/2010,403.7
10/5/2010,404.47
10/6/2010,406.49
10/7/2010,411.82
10/10/2010,416.86
10/11/2010,419.03
10/12/2010,419.65
10/13/2010,420.3
10/20/2010,421.49
10/21/2010,421.12
10/24/2010,426.33
10/25/2010,426.21
10/26/2010,425.04
10/27/2010,422.47
10/28/2010,424.9
10/31/2010,423.87
11/1/2010,424.9
11/2/2010,423.27
11/3/2010,423.21
11/4/2010,424.96
11/9/2010,423.85
11/10/2010,423.69
11/11/2010,424.79
11/14/2010,423.44
11/15/2010,423.64
11/16/2010,424.93
11/18/2010,425.42
11/21/2010,423.35
11/22/2010,419.81
11/23/2010,419.63
11/24/2010,419.07
11/25/2010,418.15
11/28/2010,417.18
11/29/2010,415.68
11/30/2010,413.85
12/1/2010,412.06
12/2/2010,408.88
12/5/2010,407.85
12/6/2010,403.55
12/7/2010,401.76
12/8/2010,401.42
12/9/2010,398.88
12/12/2010,395.42
12/13/2010,394.04
12/14/2010,393.48
12/15/2010,394.17
12/16/2010,392.04
12/19/2010,390.97
12/20/2010,391.35
12/22/2010,394.84
12/23/2010,399.55
12/26/2010,406.86
12/27/2010,407.72
12/28/2010,404.18
12/29/2010,404.06
1/2/2011,400.62
1/3/2011,398.01
1/4/2011,399.45
1/5/2011,400.76
1/6/2011,400.43
1/9/2011,398.26
1/10/2011,399.47
1/11/2011,400.67
1/12/2011,400.2
1/13/2011,402.75
1/16/2011,403.12
1/17/2011,403.71
1/18/2011,403.46
1/19/2011,404.37
1/20/2011,406.9
1/23/2011,406.34
1/24/2011,410.34
1/31/2011,410.57
2/1/2011,410.48
2/2/2011,407.97
2/3/2011,406.82
2/6/2011,413.75
2/7/2011,408.47
2/8/2011,406.94
2/9/2011,405.44
2/10/2011,405.03
2/13/2011,404.15
2/14/2011,403.72
2/15/2011,404.47
2/16/2011,405.44
2/17/2011,408.19
2/20/2011,405.2
2/21/2011,404.32
2/22/2011,401.2
2/23/2011,398.5
2/24/2011,397.46
2/27/2011,394.19
2/28/2011,391.66
3/1/2011,391.21
3/3/2011,395.43
3/7/2011,394.06
3/9/2011,392.71
3/10/2011,389.8
3/13/2011,388.25
3/14/2011,384.17
3/15/2011,376.75
3/16/2011,378.82
3/17/2011,377.5
3/20/2011,377.6
3/21/2011,379.46
3/22/2011,379.32
3/23/2011,377.63
3/24/2011,376.67
3/27/2011,372
3/28/2011,364.69
3/29/2011,358.04
3/30/2011,359.11
3/31/2011,365.25
4/4/2011,364.98
4/5/2011,364.4
4/6/2011,364.38
4/7/2011,365.5
4/10/2011,366.67
4/11/2011,365.34
4/13/2011,373.2
4/17/2011,367.54
4/18/2011,365.5
4/19/2011,364.29
4/20/2011,361.11
4/21/2011,358.45
4/25/2011,356.87
4/26/2011,356.21
4/27/2011,350.15
4/28/2011,347.72
5/2/2011,344.58
5/3/2011,339.55
5/4/2011,338.86
5/5/2011,339.53
5/8/2011,340.66
5/9/2011,340.83
5/10/2011,344.08
5/11/2011,344.66
5/12/2011,346.44
5/15/2011,349.22
5/16/2011,350.62
5/18/2011,346.91
5/19/2011,344.83
5/22/2011,343.56
5/23/2011,342.08
5/24/2011,341.56
5/25/2011,341.66
5/26/2011,344.5
5/30/2011,342.76
5/31/2011,336.73
6/1/2011,335.69
6/2/2011,333.76
6/5/2011,327.81
6/6/2011,323.18
6/7/2011,317.49
6/8/2011,311.26
6/9/2011,308.88
6/12/2011,304.13
6/13/2011,301.73
6/14/2011,297.62
6/15/2011,292.31
6/16/2011,303.53
6/19/2011,318.99
6/20/2011,330.76
6/21/2011,344.22
6/23/2011,364.4
6/26/2011,346.77
6/27/2011,329.49
6/29/2011,332.92
6/30/2011,336.68
7/3/2011,333.23
7/4/2011,333.93
7/5/2011,340.82
7/6/2011,344.46
7/7/2011,340.95
7/10/2011,346
7/11/2011,346.03
7/12/2011,352.21
7/13/2011,356.45
7/14/2011,362.85
7/17/2011,378.4
7/18/2011,370.15
7/19/2011,374.13
7/20/2011,380.23
7/21/2011,376.57
7/24/2011,365.42
7/25/2011,360.14
7/26/2011,357.32
7/27/2011,363.81
7/28/2011,363.14
7/31/2011,358.81
8/1/2011,357.67
8/2/2011,357.61
8/3/2011,355.91
8/4/2011,357.64
8/7/2011,353.75
8/8/2011,352.18
8/9/2011,345.81
8/10/2011,351.99
8/11/2011,352.65
8/15/2011,353.33
8/16/2011,353.59
8/17/2011,351.01
8/18/2011,352.54
8/22/2011,349.84
8/23/2011,349.66
8/24/2011,348.92
8/25/2011,346.92
8/28/2011,337.15
8/29/2011,337.99
8/30/2011,339.91
9/1/2011,341.73
9/4/2011,339.05
9/5/2011,336.21
9/6/2011,331.8
9/7/2011,331.31
9/8/2011,329.63
9/12/2011,327.04
9/13/2011,325.78
9/14/2011,319.35
9/15/2011,321.18
9/18/2011,318.56
9/19/2011,317.36
9/20/2011,320.08
9/21/2011,323
9/22/2011,327.57
9/25/2011,331.58
9/26/2011,331.1
9/27/2011,331.38
9/29/2011,331.4
10/2/2011,331.37
10/9/2011,331.26
10/10/2011,333.49
10/12/2011,334.49
10/13/2011,333.47
10/16/2011,331.59
10/17/2011,330.99
10/18/2011,329.95
10/19/2011,329.66
10/20/2011,328.19
10/23/2011,326.43
10/24/2011,326.8
10/25/2011,327.99
10/30/2011,327.7
10/31/2011,330.22
11/2/2011,346.82
11/3/2011,343.55
11/6/2011,337.91
11/8/2011,334.76
11/9/2011,332.4
11/10/2011,331.78
11/13/2011,330.53
11/14/2011,330.66
11/15/2011,326.95
11/16/2011,325.61
11/17/2011,329.39
11/20/2011,328.24
11/21/2011,328.52
11/22/2011,327.37
11/23/2011,325.34
11/24/2011,324.54
11/27/2011,324.63
11/28/2011,323.29
11/29/2011,323.98
11/30/2011,323.97
12/1/2011,322.84
12/4/2011,322.38
12/5/2011,321.5
12/6/2011,321.17
12/7/2011,320.6
12/8/2011,320.25
12/11/2011,317.69
12/12/2011,314.74
12/13/2011,313.71
12/14/2011,317.4
12/15/2011,316.27
12/18/2011,313.68
12/19/2011,313.47
12/20/2011,313.69
12/21/2011,313.09
12/22/2011,312.94
12/26/2011,312.5
12/27/2011,313.95
12/28/2011,314.18
12/29/2011,316.02
1/1/2012,318.74
1/2/2012,324.41
1/3/2012,324.15
1/4/2012,318.99
1/5/2012,319.55
1/8/2012,317.03
1/9/2012,317.55
1/10/2012,319.62
1/11/2012,321.41
1/12/2012,323.62
1/16/2012,322.19
1/17/2012,322.16
1/18/2012,319.95
1/19/2012,320.56
1/22/2012,320.22
1/23/2012,317.85
1/25/2012,317.6
1/26/2012,316.68
1/29/2012,316.53
1/31/2012,315.97
2/1/2012,316.77
2/2/2012,316.44
2/5/2012,314.71
2/6/2012,313.94
2/7/2012,313.08
2/8/2012,312.44
2/9/2012,312.1
2/12/2012,311.88
2/13/2012,312.8
2/14/2012,311.87
2/15/2012,311.77
2/16/2012,312.13
2/21/2012,311.86
2/23/2012,312.59
2/26/2012,312.46
2/27/2012,312.34
2/28/2012,314.69
2/29/2012,315.12
3/1/2012,317.36
3/4/2012,315.74
3/5/2012,316.44
3/6/2012,315.87
3/11/2012,315.42
3/12/2012,313.84
3/13/2012,313.92
3/14/2012,313.04
3/15/2012,310.79
3/18/2012,303.2
3/19/2012,302.81
3/20/2012,301.61
3/21/2012,303.7
3/25/2012,302.68
3/26/2012,300.79
3/27/2012,300.49
3/28/2012,300.15
3/29/2012,298.9
4/1/2012,299.35
4/2/2012,301.31
4/3/2012,301.7
4/4/2012,301.88
4/5/2012,302.44
4/8/2012,302.9
4/9/2012,303.7
4/10/2012,306.02
4/11/2012,309.19
4/12/2012,319.95
4/15/2012,337.36
4/16/2012,354.52
4/17/2012,336.3
4/18/2012,347.92
4/19/2012,354.78
4/22/2012,369.1
4/24/2012,388.35
4/25/2012,409.42
4/26/2012,425.47
4/29/2012,423
4/30/2012,404.74
5/2/2012,384.39
5/3/2012,404.25
5/7/2012,428.44
5/8/2012,432.83
5/9/2012,419.78
5/10/2012,411.4
5/13/2012,390.63
5/14/2012,373.19
5/15/2012,391.89
5/16/2012,412.2
5/17/2012,416.37
5/20/2012,408.61
5/21/2012,414.15
5/22/2012,406.09
5/23/2012,385.67
5/24/2012,398.6
5/27/2012,412.88
5/29/2012,391.9
5/30/2012,373.21
5/31/2012,373.55
6/3/2012,390.99
6/4/2012,381.59
6/5/2012,373.04
6/6/2012,365.54
6/7/2012,369.78
6/10/2012,363.54
6/11/2012,366.32
6/12/2012,367.93
6/13/2012,366.21
6/14/2012,364.67
6/17/2012,360.99
6/18/2012,362.63
6/19/2012,361.5
6/20/2012,363.53
6/21/2012,365.14
6/25/2012,375.4
6/26/2012,368.48
6/27/2012,373.75
6/28/2012,377.48
7/1/2012,374.51
7/2/2012,372.92
7/3/2012,374.25
7/4/2012,377.18
7/5/2012,377.39
7/8/2012,377.72
7/9/2012,380.12
7/10/2012,385.3
7/11/2012,384.09
7/12/2012,383.48
7/15/2012,389.74
7/16/2012,384.89
7/17/2012,386.03
7/18/2012,392.01
7/19/2012,395.47
7/22/2012,404.75
7/23/2012,408.36
7/24/2012,406.29
7/25/2012,405.04
7/26/2012,401.55
7/29/2012,396.03
7/30/2012,400.6
7/31/2012,401.01
8/1/2012,402.21
8/5/2012,402.94
8/6/2012,403.16
8/7/2012,404.15
8/8/2012,402.47
8/12/2012,399.22
8/13/2012,399.79
8/14/2012,397.2
8/15/2012,392.03
8/16/2012,398.28
8/19/2012,395.68
8/21/2012,396.26
8/22/2012,396.84
8/23/2012,397.54
8/26/2012,397.17
8/27/2012,405.79
8/28/2012,406.17
8/29/2012,407.07
8/30/2012,405.82
9/2/2012,411.87
9/3/2012,411.83
9/4/2012,409.08
9/5/2012,407.37
9/6/2012,408.44
9/9/2012,407.9
9/10/2012,407.35
9/11/2012,412.49
9/12/2012,414.36
9/13/2012,418.9
9/16/2012,420.83
9/17/2012,422.26
9/18/2012,425.47
9/19/2012,421.8
9/20/2012,420.45
9/23/2012,415.18
9/24/2012,414.54
9/25/2012,414.09
9/26/2012,413.65
9/27/2012,415.7
9/30/2012,415.01
10/1/2012,416.87
10/2/2012,417.4
10/3/2012,417.4
10/4/2012,423.54
10/7/2012,427.9
10/8/2012,426.58
10/9/2012,426.18
10/10/2012,424.75
10/11/2012,424.44
10/14/2012,426.63
10/15/2012,427.3
10/17/2012,433.16
10/18/2012,436.71
10/30/2012,447.84
10/31/2012,451.43
11/1/2012,447.99
11/4/2012,452.09
11/5/2012,458.18
11/6/2012,463.36
11/7/2012,475.16
11/8/2012,482.51
11/11/2012,475.49
11/12/2012,480.85
11/18/2012,492.8
11/20/2012,501.52
11/21/2012,499.31
11/22/2012,497.08
11/25/2012,497.36
11/26/2012,494.86
11/27/2012,493.18
11/28/2012,492.84
11/29/2012,489
12/2/2012,483.82
12/3/2012,481.94
12/4/2012,490.37
12/5/2012,499.78
12/6/2012,499.78
12/9/2012,488.15
12/10/2012,487.81
12/11/2012,489.09
12/12/2012,493.17
12/13/2012,497.24
12/16/2012,509.23
12/17/2012,513.89
12/18/2012,510.55
12/19/2012,513.86
12/20/2012,517.87
12/23/2012,519.44
12/24/2012,525.47
12/26/2012,536.31
12/27/2012,540.91
12/31/2012,533.93
1/1/2013,530.61
1/2/2013,531.77
1/3/2013,533.46
1/6/2013,531.64
1/7/2013,529.15
1/8/2013,528.72
1/9/2013,525.32
1/10/2013,528.79
1/13/2013,529.69
1/15/2013,530.1
1/16/2013,528
1/17/2013,520.77
1/20/2013,508.23
1/21/2013,518.14
1/22/2013,522.49
1/23/2013,517.04
1/24/2013,514.17
1/27/2013,514.35
1/28/2013,514.33
1/30/2013,511.72
1/31/2013,510.68
2/3/2013,515.77
2/4/2013,516.3
2/5/2013,515.13
2/6/2013,513
2/7/2013,513.42
2/10/2013,514.57
2/12/2013,532.72
2/13/2013,526.81
2/14/2013,530
2/17/2013,555.73
2/19/2013,548.72
2/20/2013,539.08
2/21/2013,543.89
2/24/2013,538.33
2/25/2013,544.04
2/26/2013,545.34
2/27/2013,540.07
2/28/2013,542.34
3/3/2013,541.53
3/4/2013,540.81
3/5/2013,538.08
3/6/2013,540.57
3/7/2013,538.89
3/11/2013,539.27
3/13/2013,545.72
3/14/2013,548.27
3/17/2013,535.1
3/18/2013,530.46
3/19/2013,532.01
3/20/2013,528.26
3/21/2013,527.88
3/24/2013,519.56
3/25/2013,521.93
3/27/2013,520.6
3/28/2013,518.66
3/31/2013,511.35
4/1/2013,513.6
4/2/2013,518.89
4/3/2013,517.98
4/4/2013,513.17
4/7/2013,515.91
4/8/2013,514.8
4/9/2013,519.22
4/11/2013,523.38
4/15/2013,521.39
4/16/2013,520.65
4/17/2013,519.22
4/18/2013,519.03
4/21/2013,513.65
4/22/2013,504.17
4/23/2013,509.03
4/25/2013,508.32
4/28/2013,505
4/29/2013,502.34
4/30/2013,500.72
5/2/2013,492.85
5/5/2013,487.95
5/6/2013,481.88
5/7/2013,490.44
5/8/2013,486.37
5/9/2013,486.24
5/12/2013,483.37
5/13/2013,488.68
5/14/2013,490.53
5/15/2013,494.45
5/16/2013,499.95
5/19/2013,497.98
5/20/2013,497.62
5/21/2013,500.4
5/22/2013,498.94
5/23/2013,497.04
5/26/2013,499.19
5/27/2013,503.81
5/28/2013,500.82
5/30/2013,500.22
6/2/2013,496.81
6/3/2013,498.88
6/4/2013,498.53
6/5/2013,498.31
6/6/2013,498.41
6/9/2013,497.44
6/10/2013,495.86
6/11/2013,495.6
6/12/2013,495.4
6/13/2013,494.36
6/16/2013,494.98
6/17/2013,493.44
6/18/2013,491.08
6/19/2013,490.04
6/20/2013,488.55
6/23/2013,487.63
6/24/2013,488.99
6/25/2013,493.96
6/26/2013,498.1
6/27/2013,495.6
6/30/2013,493.18
7/1/2013,494.35
7/2/2013,494.28
7/3/2013,494.46
7/4/2013,493.67
7/7/2013,494.45
7/8/2013,500.99
7/9/2013,505.67
7/10/2013,505.38
7/11/2013,506.53
7/14/2013,511.15
7/15/2013,518.33
7/16/2013,509.36
7/17/2013,511.67
7/18/2013,521.6
7/21/2013,535.8
7/22/2013,532.96
7/23/2013,533.05
7/24/2013,529.74
7/25/2013,529.15
7/28/2013,534.3
7/29/2013,539.13
7/30/2013,546.03
7/31/2013,547.66
8/1/2013,546.89
8/4/2013,546.61
8/5/2013,540.93
8/6/2013,542.9
8/7/2013,542.41
8/8/2013,542.69
8/11/2013,539.44
8/12/2013,538.54
8/13/2013,538.39
8/14/2013,537.15
8/15/2013,536.45
8/18/2013,540.54
8/19/2013,543.79
8/20/2013,548.4
8/25/2013,548.11
8/26/2013,546.74
8/27/2013,552.24
8/29/2013,551.44
9/1/2013,551.63
9/2/2013,550.36
9/3/2013,548.23
9/4/2013,545.56
9/5/2013,546.55
9/8/2013,552.07
9/9/2013,552
9/10/2013,547.33
9/11/2013,548.14
9/12/2013,549.5
9/15/2013,549.68
9/16/2013,551.68
9/17/2013,551.63
9/19/2013,548.65
9/22/2013,541.19
9/23/2013,537.99
9/24/2013,541.64
9/25/2013,543.02
9/26/2013,541.39
9/29/2013,541.55
9/30/2013,541.69
10/1/2013,541.57
10/2/2013,542.87
10/3/2013,542.87
10/6/2013,551.38
10/7/2013,555.35
10/8/2013,556.43
10/9/2013,560.15
10/10/2013,566.68
10/17/2013,571.49
10/20/2013,583.76
10/21/2013,587.61
10/22/2013,581.48
10/23/2013,580.24
10/24/2013,579.3
10/27/2013,577.36
10/28/2013,575.08
10/29/2013,575.29
10/30/2013,578.32
10/31/2013,579.06
11/6/2013,578.92
11/7/2013,579.14
11/10/2013,580.13
11/11/2013,590.88
11/12/2013,597.4
11/13/2013,599.76
11/14/2013,600.28
11/21/2013,633.99
11/24/2013,656.43
11/25/2013,647.68
11/26/2013,648.8
11/27/2013,646.87
11/28/2013,643.63
12/1/2013,651.67
12/2/2013,661.51
12/3/2013,677.5
12/4/2013,700.51
12/5/2013,700.51
12/8/2013,702.2
12/9/2013,703.87
12/10/2013,699.68
12/11/2013,710.47
12/12/2013,713.62
12/15/2013,732.95
12/16/2013,770.9
12/18/2013,806.66
12/19/2013,805.35
12/22/2013,794.88
12/23/2013,768.81
12/24/2013,776.9
12/26/2013,787.07
12/29/2013,779.5
12/31/2013,770.53
1/1/2014,754.09
1/2/2014,763.47
1/5/2014,758.14
1/6/2014,757.01
1/8/2014,771.46
1/9/2014,772.59
1/12/2014,781.96
1/13/2014,782.12
1/14/2014,787.05
1/16/2014,794.39
1/19/2014,795.01
1/20/2014,790.06
1/21/2014,785.17
1/22/2014,784.65
1/23/2014,786.45
1/26/2014,784.42
1/27/2014,781.19
1/28/2014,783.17
1/29/2014,782.27
2/2/2014,777.03
2/3/2014,770.3
2/4/2014,775.71
2/5/2014,782.11
2/6/2014,786.52
2/9/2014,784.73
2/10/2014,803.89
2/11/2014,797.31
2/12/2014,799.08
2/13/2014,803.71
2/16/2014,802.08
2/17/2014,804.4
2/18/2014,815.24
2/20/2014,823.49
2/23/2014,832.7
2/24/2014,830.68
2/25/2014,830.22
2/26/2014,826.4
3/3/2014,811.79
3/4/2014,800.79
3/5/2014,811.22
3/6/2014,806.43
3/9/2014,797.34
3/10/2014,794.41
3/11/2014,788.72
3/12/2014,781.23
3/13/2014,783.79
3/17/2014,769.14
3/18/2014,755.67
3/19/2014,764.9
3/20/2014,775.98
3/23/2014,775.48
3/24/2014,783.47
3/25/2014,781.27
3/26/2014,781.73
3/27/2014,783.86
3/31/2014,792.94
4/1/2014,801.73
4/2/2014,803.71
4/3/2014,801.32
4/6/2014,798.1
4/7/2014,796.74
4/9/2014,802.48
4/10/2014,812.11
4/13/2014,818.43
4/15/2014,818.58
4/16/2014,811.46
4/17/2014,811.12
4/20/2014,808.45
4/21/2014,808.09
4/22/2014,815.47
4/23/2014,820.38
4/27/2014,818.62
4/28/2014,814.16
4/29/2014,816.25
4/30/2014,823.24
5/4/2014,830.71
5/5/2014,846.78
5/6/2014,861.5
5/7/2014,866.25
5/8/2014,856.76
5/11/2014,849.63
5/12/2014,852.68
5/13/2014,852.06
5/15/2014,853.2
5/18/2014,849.67
5/19/2014,844.49
5/20/2014,844.42
5/21/2014,848.47
5/22/2014,852.06
5/25/2014,861.47
5/26/2014,860.6
5/27/2014,856.52
5/28/2014,866.57
6/1/2014,869.18
6/2/2014,880.17
6/3/2014,884.7
6/4/2014,882.94
6/5/2014,879.33
6/8/2014,883.21
6/9/2014,885.21
6/10/2014,895.02
6/11/2014,899.53
6/12/2014,904.61
6/15/2014,927.56
6/16/2014,938.85
6/17/2014,935.49
6/18/2014,932.22
6/19/2014,926.5
6/23/2014,917.58
6/24/2014,923.55
6/25/2014,932.19
6/26/2014,936.31
6/29/2014,943.48
6/30/2014,945.82
7/1/2014,956.6
7/2/2014,972.48
7/3/2014,972.85
7/6/2014,986.34
7/7/2014,995.19
7/8/2014,1014.67
7/9/2014,1016.5
7/10/2014,1023.47
7/13/2014,1036.98
7/14/2014,1028.94
7/15/2014,1025.69
7/16/2014,1036.11
7/17/2014,1045.89
7/20/2014,1074.97
7/21/2014,1083.55
7/22/2014,1077.65
7/23/2014,1081.51
7/24/2014,1079.09
7/27/2014,1073.93
7/28/2014,1072.82
7/30/2014,1062.44
7/31/2014,1066.09
8/3/2014,1056.43
8/4/2014,1039.03
8/5/2014,1044.74
8/6/2014,1041.22
8/7/2014,1040.59
8/12/2014,1021.86
8/13/2014,1026.21
8/14/2014,1034.39
8/18/2014,1013.25
8/19/2014,1013.62
8/20/2014,995.71
8/21/2014,998.13
8/24/2014,985.45
8/25/2014,947.84
8/26/2014,921.86
8/27/2014,960.43
8/28/2014,972.17
8/31/2014,952.6
9/1/2014,946.6
9/3/2014,933.96
9/4/2014,921.69
9/7/2014,875.56
9/9/2014,920.06
9/10/2014,910.62
9/11/2014,910.65
9/14/2014,902.15
9/15/2014,909.39
9/16/2014,919.88
9/17/2014,913.42
9/18/2014,899.89
9/21/2014,883.51
9/22/2014,881.87
9/23/2014,896.01
9/24/2014,912.32
9/28/2014,916.63
9/29/2014,937.31
9/30/2014,937.99
10/8/2014,925.21
10/9/2014,921.88
10/12/2014,915.04
10/13/2014,908.83
10/14/2014,911.84
10/15/2014,923.12
10/16/2014,923.59
10/19/2014,925.85
10/20/2014,925.5
10/21/2014,924.34
10/22/2014,928.99
10/26/2014,930.33
10/27/2014,935.01
10/28/2014,933.08
10/30/2014,930.21
11/2/2014,921.3
11/3/2014,904.03
11/4/2014,897.46
11/5/2014,904.67
11/6/2014,904.92
11/9/2014,895.41
11/10/2014,884.74
11/11/2014,892.52
11/12/2014,884.35
11/13/2014,881.04
11/16/2014,866.16
11/17/2014,848.18
11/18/2014,844.06
11/19/2014,853.95
11/20/2014,862.5
11/23/2014,869.15
11/24/2014,864.31
11/25/2014,863.01
11/30/2014,856.88
12/1/2014,851.43
12/2/2014,846.41
12/3/2014,850.16
12/4/2014,853.76
12/7/2014,850.88
12/8/2014,848.41
12/9/2014,848.73
12/10/2014,855.51
12/11/2014,870.63
12/14/2014,910.01
12/15/2014,916.74
12/16/2014,910.2
12/17/2014,900.4
12/18/2014,903.89
12/21/2014,896.61
12/22/2014,885.44
12/23/2014,877.21
12/24/2014,887.8
12/28/2014,903.72
12/29/2014,907.23
12/31/2014,902.33
1/1/2015,903.68
1/4/2015,917.5
1/5/2015,919.77
1/6/2015,917.41
1/7/2015,924.54
1/8/2015,930.97
1/11/2015,928.33
1/12/2015,927.8
1/13/2015,937.48
1/14/2015,939.53
1/18/2015,945.36
1/19/2015,975.45
1/20/2015,962.8
1/22/2015,959.24
1/25/2015,969.05
1/26/2015,968.63
1/27/2015,975.14
1/28/2015,988.07
1/29/2015,986.66
2/1/2015,991.44
2/2/2015,990.76
2/3/2015,987.55
2/4/2015,987.03
2/5/2015,984.22
2/8/2015,986.02
2/9/2015,980.7
2/10/2015,980.54
2/11/2015,981.01
2/12/2015,984.51
2/15/2015,989.87
2/16/2015,987.05
2/18/2015,982.65
2/22/2015,971.47
2/23/2015,973.95
2/24/2015,970.77
2/25/2015,970.62
2/26/2015,979.27
3/1/2015,975.67
3/2/2015,984.85
3/3/2015,981.42
3/4/2015,983.49
3/9/2015,988.77
3/10/2015,984.43
3/11/2015,984.06
3/12/2015,978.44
3/15/2015,970.68
3/16/2015,959.14
3/17/2015,963.46
3/18/2015,964.24
3/19/2015,967.62
3/22/2015,964.12
3/23/2015,956.59
3/24/2015,953.84
3/25/2015,951.29
3/26/2015,942.4
3/29/2015,942.3
3/30/2015,939.1
3/31/2015,945.74
4/1/2015,939.54
4/2/2015,940.09
4/5/2015,934.25
4/6/2015,938.12
4/7/2015,935.53
4/8/2015,942.15
4/9/2015,946.89
4/12/2015,952.03
4/13/2015,948.36
4/15/2015,944.13
4/16/2015,949.92
4/19/2015,945.7
4/20/2015,944.98
4/21/2015,945.12
4/22/2015,942.02
4/23/2015,938.19
5/24/2015,909.82
5/25/2015,880.53
5/26/2015,859.97
5/27/2015,837.83
5/28/2015,841.96
5/31/2015,871.94
6/1/2015,890.43
6/2/2015,901.98
6/3/2015,925.49
6/4/2015,926.84
6/7/2015,931.17
6/8/2015,945.49
6/9/2015,966.59
6/10/2015,955.66
6/11/2015,937.96
6/14/2015,928.35
6/15/2015,933.73
6/16/2015,930.7
6/17/2015,927.85
6/18/2015,924.6
6/21/2015,917.97
6/22/2015,922.47
6/23/2015,926.09
6/24/2015,928.13
6/25/2015,930.38
6/28/2015,938
6/29/2015,946.33
6/30/2015,949.13
7/1/2015,945.78
7/2/2015,938.96
7/5/2015,938.02
7/6/2015,936.76
7/7/2015,941.36
7/8/2015,943.16
7/9/2015,943.43
7/12/2015,944.96
7/13/2015,944
7/14/2015,946.46
7/15/2015,950.72
7/16/2015,961.23
7/22/2015,963.27
7/23/2015,1003.38
7/26/2015,1053.95
7/27/2015,1054.71
7/28/2015,1028.14
7/29/2015,1021.33
7/30/2015,1027.98
8/2/2015,1034.14
8/3/2015,1030.4
8/4/2015,1029.92
8/5/2015,1034.02
8/6/2015,1040.36
8/9/2015,1063.41
8/10/2015,1081.36
8/11/2015,1077.78
8/12/2015,1077.19
8/13/2015,1088.42
8/16/2015,1112.05
8/17/2015,1157.6
8/18/2015,1159.93
8/19/2015,1191.92
8/20/2015,1200.92
8/23/2015,1184.67
8/24/2015,1181.75
8/25/2015,1181.41
8/26/2015,1175.57
8/27/2015,1183.76
8/31/2015,1200.15
9/1/2015,1191.34
9/2/2015,1176.26
9/3/2015,1169.4
9/6/2015,1166.69
9/7/2015,1170.97
9/8/2015,1174.69
9/9/2015,1173.16
9/10/2015,1168.71
9/13/2015,1183.93
9/14/2015,1194.11
9/15/2015,1205.84
9/16/2015,1202.81
9/17/2015,1196.02
9/22/2015,1156.08
9/23/2015,1183.36
9/24/2015,1176.86
9/28/2015,1160.09
9/29/2015,1168.53
9/30/2015,1181.28
10/1/2015,1178.74
10/4/2015,1183.48
10/5/2015,1171.27
10/6/2015,1158.79
10/7/2015,1149.45
10/8/2015,1162.06
10/11/2015,1143.88
10/14/2015,1135.09
10/15/2015,1134.47
10/18/2015,1119.83
10/19/2015,1127.42
10/25/2015,1121.05
10/27/2015,1091.73
10/28/2015,1084.37
10/29/2015,1092.04
11/1/2015,1088.3
11/2/2015,1091.83
11/3/2015,1085.87
11/4/2015,1092.3
11/5/2015,1090.68
11/8/2015,1086.57
11/9/2015,1107.43
11/10/2015,1109.29
11/15/2015,1100.09
11/16/2015,1094.18
11/18/2015,1099.25
11/19/2015,1094.57
11/22/2015,1071.38
11/23/2015,1075.8
11/24/2015,1066.69
11/25/2015,1056.42
11/26/2015,1044.01
11/29/2015,1022.77
11/30/2015,1034.12
12/1/2015,1066.38
12/2/2015,1062.78
12/3/2015,1072.94
12/6/2015,1102.84
12/7/2015,1107.94
12/8/2015,1107.23
12/9/2015,1122.79
12/10/2015,1119.35
12/13/2015,1118.57
12/14/2015,1120.18
12/15/2015,1121.02
12/16/2015,1116.19
12/17/2015,1110.68
12/20/2015,1118.95
12/21/2015,1131.52
12/22/2015,1138.18
12/23/2015,1133.34
12/24/2015,1137.03
12/27/2015,1135.47
12/28/2015,1131.95
12/29/2015,1142.17
12/31/2015,1151.38
1/3/2016,1160.84
1/4/2016,1154.62
1/5/2016,1146.77
1/6/2016,1149.89
1/7/2016,1164.14
1/10/2016,1167.18
1/11/2016,1168.81
1/12/2016,1173.6
1/13/2016,1180.98
1/14/2016,1190.16
1/17/2016,1212
1/18/2016,1214.31
1/19/2016,1213.71
1/20/2016,1213.57
1/21/2016,1212.32
1/24/2016,1219.62
1/25/2016,1222.43
1/26/2016,1218.39
1/27/2016,1216.96
1/28/2016,1216.11
1/31/2016,1220.7
2/1/2016,1238.02
2/2/2016,1240.07
2/3/2016,1242.13
2/4/2016,1251.42
2/7/2016,1262.82
2/8/2016,1264.33
2/11/2016,1263.72
2/14/2016,1259.35
2/15/2016,1258.23
2/16/2016,1257.34
2/17/2016,1266.08
2/18/2016,1273.28
2/21/2016,1278.92
2/22/2016,1291.81
2/23/2016,1285.93
2/24/2016,1279.9
2/25/2016,1283.52
2/28/2016,1283.67
2/29/2016,1283.94
3/1/2016,1289.52
3/2/2016,1295.78
3/3/2016,1300.76
3/6/2016,1305.73
3/10/2016,1318.03
3/13/2016,1318.88
3/14/2016,1312.2
3/15/2016,1312.85
3/16/2016,1315.77
3/17/2016,1326.53
3/20/2016,1343.93
3/21/2016,1342.07
3/23/2016,1345.53
3/24/2016,1357.14
3/27/2016,1377.33
3/28/2016,1374.75
3/29/2016,1370.04
3/30/2016,1362.98
3/31/2016,1355.48
4/3/2016,1351.54
4/4/2016,1362.53
4/5/2016,1375.26
4/6/2016,1377.42
4/10/2016,1382.42
4/11/2016,1383.85
4/12/2016,1388.63
4/14/2016,1405.78
4/17/2016,1409.43
4/18/2016,1428.6
4/19/2016,1430.81
4/20/2016,1440.69
4/21/2016,1441.67
4/24/2016,1454.35
4/25/2016,1461.75
4/26/2016,1453.11
4/27/2016,1458.38
4/28/2016,1464.91
5/2/2016,1474.47
5/3/2016,1471.95
5/4/2016,1468.11
5/5/2016,1463.13
5/8/2016,1472.69
5/9/2016,1482.9
5/10/2016,1484.04
5/11/2016,1481.18
5/12/2016,1481.94
5/15/2016,1477.38
5/16/2016,1467.51
5/17/2016,1483.68
5/18/2016,1496.41
5/19/2016,1499.32
5/22/2016,1509.39
5/23/2016,1524.07
5/24/2016,1544.53
5/25/2016,1524.12
5/26/2016,1525.09
5/29/2016,1522.25
5/30/2016,1526.96
5/31/2016,1532.12
6/1/2016,1523.56
6/2/2016,1518.12
6/5/2016,1483.14
6/6/2016,1516.8
6/7/2016,1531.49
6/8/2016,1546.8
6/9/2016,1566.7
6/12/2016,1597.96
6/13/2016,1609.59
6/14/2016,1614.15
6/15/2016,1620.47
6/16/2016,1632.94
6/19/2016,1622.27
6/20/2016,1615.1
6/21/2016,1628.81
6/22/2016,1647.51
6/23/2016,1666.29
6/26/2016,1685.17
6/27/2016,1721.77
6/28/2016,1724.19
6/29/2016,1724.59
6/30/2016,1723.23
7/3/2016,1719.2
7/4/2016,1716.83
7/5/2016,1713.21
7/6/2016,1715.72
7/10/2016,1722.53
7/11/2016,1702.27
7/12/2016,1693.07
7/13/2016,1690.43
7/14/2016,1718.15
7/17/2016,1745.74
7/18/2016,1786.57
7/19/2016,1800.47
7/20/2016,1786.84
7/21/2016,1798.83
7/24/2016,1798.83
7/25/2016,1838.49
7/26/2016,1866.5
7/27/2016,1881.45
7/28/2016,1877.93
7/31/2016,1862.76
8/1/2016,1845.41
8/2/2016,1826.47
8/3/2016,1813.72
8/4/2016,1768.6
8/7/2016,1764.72
8/8/2016,1675.91
8/9/2016,1760.42
8/10/2016,1779.57
8/11/2016,1774.87
8/14/2016,1733.93
8/15/2016,1694.81
8/16/2016,1717.45
8/17/2016,1734.94
8/21/2016,1722.43
8/22/2016,1683.12
8/23/2016,1681.86
8/24/2016,1730.62
8/28/2016,1748.23
8/29/2016,1766.54
8/30/2016,1788.08
8/31/2016,1797.45
9/1/2016,1805.18
9/4/2016,1819.83
9/5/2016,1838.9
9/6/2016,1834.8
9/7/2016,1824.83
9/8/2016,1823.05
9/11/2016,1816.81
9/12/2016,1818.69
9/14/2016,1815.17
9/18/2016,1804.48
9/20/2016,1786.5
9/21/2016,1779.13
9/22/2016,1766.91
9/25/2016,1730.64
9/26/2016,1757.1
9/27/2016,1753.72
9/28/2016,1749.1
9/29/2016,1753.38
10/2/2016,1763.78
10/3/2016,1780.4
10/4/2016,1798.5
10/5/2016,1806.6
10/6/2016,1819.88
10/16/2016,1803.74
10/17/2016,1793.36
10/18/2016,1792.73
10/19/2016,1787.89
10/20/2016,1794.47
10/23/2016,1782.39
10/24/2016,1768.89
10/25/2016,1751
10/26/2016,1753.46
10/27/2016,1759.71
11/3/2016,1762.21
11/7/2016,1749.12
11/8/2016,1724.49
11/9/2016,1696.86
11/10/2016,1697.17
11/13/2016,1700
11/14/2016,1706.28
11/15/2016,1701.91
11/16/2016,1698.9
11/17/2016,1658.08
11/20/2016,1599.62
11/21/2016,1606.29
11/22/2016,1582.47
11/23/2016,1540.01
11/24/2016,1534.03
11/27/2016,1469.48
11/28/2016,1510.16
11/29/2016,1553.68
11/30/2016,1608.33
12/1/2016,1600.49
12/4/2016,1570.95
12/5/2016,1544.6
12/6/2016,1554.51
12/7/2016,1553.9
12/8/2016,1544.68
12/11/2016,1522.8
12/12/2016,1509.43
12/14/2016,1516.08
12/15/2016,1530.06
12/18/2016,1531.35
12/19/2016,1514.88
12/20/2016,1495.99
12/21/2016,1470.63
12/22/2016,1475.41
12/26/2016,1432.57
12/27/2016,1407.53
12/28/2016,1413.15
12/29/2016,1443.38
1/1/2017,1465.72
1/2/2017,1482.85
1/3/2017,1456.82
1/4/2017,1457.82
1/5/2017,1454.14
1/8/2017,1447.45
1/9/2017,1458.97
1/10/2017,1476.9
1/11/2017,1476.51
1/12/2017,1479.86
1/15/2017,1477.72
1/16/2017,1466.09
1/17/2017,1463.04
1/18/2017,1462.23
1/19/2017,1462.56
1/22/2017,1465.84
1/23/2017,1457.88
1/24/2017,1432.99
1/25/2017,1396.61
1/26/2017,1375.14
1/30/2017,1309.7
1/31/2017,1326.6
2/1/2017,1389.83
2/2/2017,1382.45
2/5/2017,1364.5
2/6/2017,1348.84
2/7/2017,1344.6
2/8/2017,1322.98
2/9/2017,1296.23
2/12/2017,1252.5
2/13/2017,1278.98
2/14/2017,1274.97
2/15/2017,1316.8
2/16/2017,1343.85
2/19/2017,1369.35
2/20/2017,1365.11
2/21/2017,1357.57
2/22/2017,1344.11
2/23/2017,1337.46
2/26/2017,1313.01
2/28/2017,1299.29
3/1/2017,1316.8
3/2/2017,1329.41
3/5/2017,1354.34
3/6/2017,1358.41
3/7/2017,1341.56
3/9/2017,1347.53
3/13/2017,1355.23
3/14/2017,1347.09
3/15/2017,1356.13
3/16/2017,1357.34
3/19/2017,1382.19
3/20/2017,1424.38
3/21/2017,1462.23
3/22/2017,1481.08
3/23/2017,1486.04
3/26/2017,1533.83
3/28/2017,1610.62
3/29/2017,1588.29
3/30/2017,1587.64
4/2/2017,1667.11
4/3/2017,1660.52
4/4/2017,1657.02
4/6/2017,1651.04
4/9/2017,1651.6
4/10/2017,1676.22
4/11/2017,1709.82
4/12/2017,1703.07
4/13/2017,1697.13
4/16/2017,1651.61
4/18/2017,1612.04
4/19/2017,1662.02
4/20/2017,1658.34
4/23/2017,1693.72
4/24/2017,1675.78
4/25/2017,1672.38
4/26/2017,1670.3
4/27/2017,1670.62
4/30/2017,1650.78
5/2/2017,1658.33
5/3/2017,1662.38
5/4/2017,1653.18
5/7/2017,1628.98
5/8/2017,1637.3
5/9/2017,1650.81
5/11/2017,1658.58
5/15/2017,1659.23
5/16/2017,1649.24
5/17/2017,1644.26
5/18/2017,1643.87
5/21/2017,1627.24
5/22/2017,1616.4
5/23/2017,1626.51
5/24/2017,1629.58
5/28/2017,1615.58
5/30/2017,1594.43
5/31/2017,1608.11
6/1/2017,1604.31
6/4/2017,1593.81
6/5/2017,1602.65
6/6/2017,1637.37
6/7/2017,1623.13
6/8/2017,1615.19
6/11/2017,1590.49
6/12/2017,1580.52
6/13/2017,1585.15
6/14/2017,1584.49
6/15/2017,1589.59
6/18/2017,1575.98
6/19/2017,1555.16
6/20/2017,1551.07
6/21/2017,1554.69
6/22/2017,1559.49
6/25/2017,1567.72
6/27/2017,1565.09
6/28/2017,1563.81
7/3/2017,1544.29
7/4/2017,1541.28
7/5/2017,1551.06
7/6/2017,1582.11
7/11/2017,1585.01
7/12/2017,1587.56
7/13/2017,1582.67
7/17/2017,1604.15
7/18/2017,1638.41
7/19/2017,1637.27
7/20/2017,1635.75
7/24/2017,1629.08
7/25/2017,1636.19
7/26/2017,1645.03
7/27/2017,1646.53
7/30/2017,1643.28
8/1/2017,1660.25
8/2/2017,1662.74
8/3/2017,1660.58
8/7/2017,1667.94
8/9/2017,1661.72
8/10/2017,1653.53
8/13/2017,1642.13
8/15/2017,1629.16
8/16/2017,1632.66
8/17/2017,1629.75
8/21/2017,1611.57
8/22/2017,1614.05
8/23/2017,1611.27
8/24/2017,1617.81
8/28/2017,1612.91
8/30/2017,1598.36
8/31/2017,1580.03
9/4/2017,1554.56
9/10/2017,1519.66
9/11/2017,1523.26
9/12/2017,1502.2
9/13/2017,1493.2
9/18/2017,1543.7
9/24/2017,1536.92
9/25/2017,1545.44
10/4/2017,1542.65
10/9/2017,1501.89
10/10/2017,1502.63
10/11/2017,1505.99
10/12/2017,1510.02
10/15/2017,1518.28
10/17/2017,1559.18
10/18/2017,1568.35
10/22/2017,1571.92
10/23/2017,1568.3
10/24/2017,1567.64
10/25/2017,1553.72
10/29/2017,1540.23
10/30/2017,1536.72
10/31/2017,1533.53
11/1/2017,1526.51
11/2/2017,1522.81
11/5/2017,1496.46
11/6/2017,1493.42
11/7/2017,1484.45
11/8/2017,1466.62
11/9/2017,1460.73
11/12/2017,1477.14
11/13/2017,1490.88
11/14/2017,1516.02
11/15/2017,1504.79
11/16/2017,1489.06
11/19/2017,1475.72
11/20/2017,1469.16
11/21/2017,1472.24
11/22/2017,1480.26
11/23/2017,1493.29
11/26/2017,1514.34
11/27/2017,1513.74
11/28/2017,1523.86
11/29/2017,1536.12
11/30/2017,1537.67
12/4/2017,1526.77
12/5/2017,1524.87
12/6/2017,1536.54
12/10/2017,1530.49
12/11/2017,1527.75
12/12/2017,1510.21
12/13/2017,1520.74
12/14/2017,1520.15
12/17/2017,1509.14
12/18/2017,1508.25
12/19/2017,1493.67
12/20/2017,1484.47
12/21/2017,1472.15
12/24/2017,1467.68
12/26/2017,1447.04
12/27/2017,1425.51
12/28/2017,1414.78
12/31/2017,1390.58
1/1/2018,1434.8
1/2/2018,1437.24
1/3/2018,1416.61
1/4/2018,1423.83
1/7/2018,1431.8
1/8/2018,1443.8
1/9/2018,1456.07
1/10/2018,1440.29
1/14/2018,1431.1
1/16/2018,1413.71
1/17/2018,1406.52
1/21/2018,1402.67
1/22/2018,1402.09
1/23/2018,1393.04
1/24/2018,1394.73
1/25/2018,1404.53
1/28/2018,1405.95
1/29/2018,1400.16
1/31/2018,1404.49
2/1/2018,1411.52
2/4/2018,1410.51
2/5/2018,1400.05
2/6/2018,1394.03
2/7/2018,1382.02
2/8/2018,1391.03
2/11/2018,1384.71
2/12/2018,1380.29
2/14/2018,1388.94
2/15/2018,1424.95
2/18/2018,1413.9
2/20/2018,1396.72
2/21/2018,1387.08
2/22/2018,1386.98
2/25/2018,1374.73
2/26/2018,1358.95
2/27/2018,1364.81
2/28/2018,1345.99
3/4/2018,1304.43
3/5/2018,1287.74
3/6/2018,1296.44
3/7/2018,1315.13
3/11/2018,1284.09
3/12/2018,1277.01
3/13/2018,1281.9
3/14/2018,1285.96
3/15/2018,1288.36
3/18/2018,1278.96
3/19/2018,1270.52
3/20/2018,1255.47
3/21/2018,1231.07
3/22/2018,1220.44
3/26/2018,1168.55
3/27/2018,1207.71
3/28/2018,1204.81
3/29/2018,1220.29
4/1/2018,1196.24
4/2/2018,1192.96
4/3/2018,1199
4/4/2018,1226.45
4/5/2018,1250.39
4/8/2018,1294.65
4/9/2018,1287.78
4/10/2018,1270.23
4/11/2018,1273.33
4/12/2018,1277.55
4/15/2018,1280.15
4/16/2018,1297.57
4/17/2018,1331.18
4/18/2018,1363.01
4/19/2018,1388.31
4/22/2018,1438.49
4/23/2018,1410.85
4/24/2018,1394.86
4/25/2018,1386.47
4/26/2018,1357.22
4/29/2018,1349.01
5/2/2018,1360.38
5/3/2018,1366.15
5/6/2018,1353.64
5/7/2018,1345.37
5/8/2018,1361.02
5/9/2018,1356.15
5/10/2018,1348.45
5/14/2018,1338.17
5/15/2018,1333.85
5/16/2018,1338.01
